지점,지역,시간,기온(℃)
108,서울,2024-06-01 00:00:00,18.3
108,서울,2024-06-01 06:00:00,17.6
108,서울,2024-06-01 12:00:00,22.7
108,서울,2024-06-01 18:00:00,23.8
108,서울,2024-06-02 00:00:00,18.7
108,서울,2024-06-02 06:00:00,15.7
108,서울,2024-06-02 12:00:00,23.8
108,서울,2024-06-02 18:00:00,23.9
108,서울,2024-06-03 00:00:00,18.1
108,서울,2024-06-03 06:00:00,16.0
108,서울,2024-06-03 12:00:00,25.4
108,서울,2024-06-03 18:00:00,26.6
108,서울,2024-06-04 00:00:00,20.4
108,서울,2024-06-04 06:00:00,16.3
108,서울,2024-06-04 12:00:00,26.3
108,서울,2024-06-04 18:00:00,27.7
108,서울,2024-06-05 00:00:00,20.5
108,서울,2024-06-05 06:00:00,18.1
108,서울,2024-06-05 12:00:00,28.0
108,서울,2024-06-05 18:00:00,26.2
108,서울,2024-06-06 00:00:00,21.1
108,서울,2024-06-06 06:00:00,19.4
108,서울,2024-06-06 12:00:00,28.2
108,서울,2024-06-06 18:00:00,26.8
108,서울,2024-06-07 00:00:00,20.8
108,서울,2024-06-07 06:00:00,18.3
108,서울,2024-06-07 12:00:00,25.9
108,서울,2024-06-07 18:00:00,27.6
108,서울,2024-06-08 00:00:00,19.9
108,서울,2024-06-08 06:00:00,18.0
108,서울,2024-06-08 12:00:00,19.5
108,서울,2024-06-08 18:00:00,24.0
108,서울,2024-06-09 00:00:00,19.5
108,서울,2024-06-09 06:00:00,17.4
108,서울,2024-06-09 12:00:00,26.0
108,서울,2024-06-09 18:00:00,26.8
108,서울,2024-06-10 00:00:00,21.0
108,서울,2024-06-10 06:00:00,19.0
108,서울,2024-06-10 12:00:00,28.3
108,서울,2024-06-10 18:00:00,28.6
108,서울,2024-06-11 00:00:00,23.1
108,서울,2024-06-11 06:00:00,22.0
108,서울,2024-06-11 12:00:00,28.5
108,서울,2024-06-11 18:00:00,28.9
108,서울,2024-06-12 00:00:00,21.7
108,서울,2024-06-12 06:00:00,19.6
108,서울,2024-06-12 12:00:00,29.3
108,서울,2024-06-12 18:00:00,28.0
108,서울,2024-06-13 00:00:00,22.2
108,서울,2024-06-13 06:00:00,20.1
108,서울,2024-06-13 12:00:00,30.6
108,서울,2024-06-13 18:00:00,31.0
108,서울,2024-06-14 00:00:00,23.9
108,서울,2024-06-14 06:00:00,21.6
108,서울,2024-06-14 12:00:00,31.6
108,서울,2024-06-14 18:00:00,27.3
108,서울,2024-06-15 00:00:00,23.8
108,서울,2024-06-15 06:00:00,21.9
108,서울,2024-06-15 12:00:00,24.9
108,서울,2024-06-15 18:00:00,26.8
108,서울,2024-06-16 00:00:00,21.9
108,서울,2024-06-16 06:00:00,19.9
108,서울,2024-06-16 12:00:00,27.4
108,서울,2024-06-16 18:00:00,27.9
108,서울,2024-06-17 00:00:00,21.6
108,서울,2024-06-17 06:00:00,18.9
108,서울,2024-06-17 12:00:00,28.8
108,서울,2024-06-17 18:00:00,28.8
108,서울,2024-06-18 00:00:00,22.5
108,서울,2024-06-18 06:00:00,20.5
108,서울,2024-06-18 12:00:00,29.9
108,서울,2024-06-18 18:00:00,30.5
108,서울,2024-06-19 00:00:00,23.4
108,서울,2024-06-19 06:00:00,21.5
108,서울,2024-06-19 12:00:00,32.3
108,서울,2024-06-19 18:00:00,34.8
108,서울,2024-06-20 00:00:00,27.6
108,서울,2024-06-20 06:00:00,23.4
108,서울,2024-06-20 12:00:00,33.6
108,서울,2024-06-20 18:00:00,33.4
108,서울,2024-06-21 00:00:00,26.4
108,서울,2024-06-21 06:00:00,23.0
108,서울,2024-06-21 12:00:00,33.0
108,서울,2024-06-21 18:00:00,30.3
108,서울,2024-06-22 00:00:00,25.7
108,서울,2024-06-22 06:00:00,25.3
108,서울,2024-06-22 12:00:00,22.9
108,서울,2024-06-22 18:00:00,23.9
108,서울,2024-06-23 00:00:00,23.1
108,서울,2024-06-23 06:00:00,22.6
108,서울,2024-06-23 12:00:00,27.8
108,서울,2024-06-23 18:00:00,27.1
108,서울,2024-06-24 00:00:00,22.7
108,서울,2024-06-24 06:00:00,22.8
108,서울,2024-06-24 12:00:00,27.1
108,서울,2024-06-24 18:00:00,26.0
108,서울,2024-06-25 00:00:00,21.2
108,서울,2024-06-25 06:00:00,19.1
108,서울,2024-06-25 12:00:00,25.6
108,서울,2024-06-25 18:00:00,25.1
108,서울,2024-06-26 00:00:00,20.9
108,서울,2024-06-26 06:00:00,19.0
108,서울,2024-06-26 12:00:00,28.6
108,서울,2024-06-26 18:00:00,29.4
108,서울,2024-06-27 00:00:00,22.7
108,서울,2024-06-27 06:00:00,20.6
108,서울,2024-06-27 12:00:00,30.3
108,서울,2024-06-27 18:00:00,30.5
108,서울,2024-06-28 00:00:00,24.1
108,서울,2024-06-28 06:00:00,21.4
108,서울,2024-06-28 12:00:00,30.5
108,서울,2024-06-28 18:00:00,30.0
108,서울,2024-06-29 00:00:00,24.0
108,서울,2024-06-29 06:00:00,21.8
108,서울,2024-06-29 12:00:00,31.3
108,서울,2024-06-29 18:00:00,30.3
108,서울,2024-06-30 00:00:00,24.4
108,서울,2024-06-30 06:00:00,23.6
108,서울,2024-06-30 12:00:00,22.3
108,서울,2024-06-30 18:00:00,24.9
108,서울,2024-07-01 00:00:00,22.8
108,서울,2024-07-01 06:00:00,22.0
108,서울,2024-07-01 12:00:00,28.0
108,서울,2024-07-01 18:00:00,30.8
108,서울,2024-07-02 00:00:00,25.2
108,서울,2024-07-02 06:00:00,24.4
108,서울,2024-07-02 12:00:00,22.1
108,서울,2024-07-02 18:00:00,22.1
108,서울,2024-07-03 00:00:00,24.1
108,서울,2024-07-03 06:00:00,23.7
108,서울,2024-07-03 12:00:00,25.9
108,서울,2024-07-03 18:00:00,25.2
108,서울,2024-07-04 00:00:00,24.1
108,서울,2024-07-04 06:00:00,23.4
108,서울,2024-07-04 12:00:00,28.0
108,서울,2024-07-04 18:00:00,29.3
108,서울,2024-07-05 00:00:00,25.8
108,서울,2024-07-05 06:00:00,21.3
108,서울,2024-07-05 12:00:00,23.5
108,서울,2024-07-05 18:00:00,25.6
108,서울,2024-07-06 00:00:00,23.2
108,서울,2024-07-06 06:00:00,22.1
108,서울,2024-07-06 12:00:00,26.6
108,서울,2024-07-06 18:00:00,27.8
108,서울,2024-07-07 00:00:00,24.0
108,서울,2024-07-07 06:00:00,21.5
108,서울,2024-07-07 12:00:00,26.0
108,서울,2024-07-07 18:00:00,26.0
108,서울,2024-07-08 00:00:00,24.3
108,서울,2024-07-08 06:00:00,23.9
108,서울,2024-07-08 12:00:00,23.9
108,서울,2024-07-08 18:00:00,24.3
108,서울,2024-07-09 00:00:00,23.2
108,서울,2024-07-09 06:00:00,22.8
108,서울,2024-07-09 12:00:00,26.2
108,서울,2024-07-09 18:00:00,25.1
108,서울,2024-07-10 00:00:00,23.9
108,서울,2024-07-10 06:00:00,22.8
108,서울,2024-07-10 12:00:00,30.3
108,서울,2024-07-10 18:00:00,29.5
108,서울,2024-07-11 00:00:00,25.1
108,서울,2024-07-11 06:00:00,23.8
108,서울,2024-07-11 12:00:00,28.3
108,서울,2024-07-11 18:00:00,28.3
108,서울,2024-07-12 00:00:00,23.3
108,서울,2024-07-12 06:00:00,21.9
108,서울,2024-07-12 12:00:00,25.9
108,서울,2024-07-12 18:00:00,29.9
108,서울,2024-07-13 00:00:00,25.1
108,서울,2024-07-13 06:00:00,23.5
108,서울,2024-07-13 12:00:00,30.6
108,서울,2024-07-13 18:00:00,32.2
108,서울,2024-07-14 00:00:00,26.7
108,서울,2024-07-14 06:00:00,25.0
108,서울,2024-07-14 12:00:00,30.6
108,서울,2024-07-14 18:00:00,31.5
108,서울,2024-07-15 00:00:00,27.1
108,서울,2024-07-15 06:00:00,24.6
108,서울,2024-07-15 12:00:00,30.3
108,서울,2024-07-15 18:00:00,30.7
108,서울,2024-07-16 00:00:00,28.2
108,서울,2024-07-16 06:00:00,25.8
108,서울,2024-07-16 12:00:00,30.3
108,서울,2024-07-16 18:00:00,25.8
108,서울,2024-07-17 00:00:00,24.6
108,서울,2024-07-17 06:00:00,24.7
108,서울,2024-07-17 12:00:00,25.6
108,서울,2024-07-17 18:00:00,25.0
108,서울,2024-07-18 00:00:00,25.6
108,서울,2024-07-18 06:00:00,24.1
108,서울,2024-07-18 12:00:00,23.9
108,서울,2024-07-18 18:00:00,24.7
108,서울,2024-07-19 00:00:00,24.4
108,서울,2024-07-19 06:00:00,24.3
108,서울,2024-07-19 12:00:00,28.4
108,서울,2024-07-19 18:00:00,29.8
108,서울,2024-07-20 00:00:00,26.0
108,서울,2024-07-20 06:00:00,25.2
108,서울,2024-07-20 12:00:00,27.8
108,서울,2024-07-20 18:00:00,29.6
108,서울,2024-07-21 00:00:00,26.4
108,서울,2024-07-21 06:00:00,23.0
108,서울,2024-07-21 12:00:00,27.0
108,서울,2024-07-21 18:00:00,29.6
108,서울,2024-07-22 00:00:00,27.9
108,서울,2024-07-22 06:00:00,26.3
108,서울,2024-07-22 12:00:00,25.4
108,서울,2024-07-22 18:00:00,27.3
108,서울,2024-07-23 00:00:00,26.0
108,서울,2024-07-23 06:00:00,25.9
108,서울,2024-07-23 12:00:00,26.0
108,서울,2024-07-23 18:00:00,27.2
108,서울,2024-07-24 00:00:00,26.3
108,서울,2024-07-24 06:00:00,26.1
108,서울,2024-07-24 12:00:00,29.2
108,서울,2024-07-24 18:00:00,29.9
108,서울,2024-07-25 00:00:00,27.6
108,서울,2024-07-25 06:00:00,26.8
108,서울,2024-07-25 12:00:00,30.6
108,서울,2024-07-25 18:00:00,31.6
108,서울,2024-07-26 00:00:00,25.4
108,서울,2024-07-26 06:00:00,25.3
108,서울,2024-07-26 12:00:00,32.0
108,서울,2024-07-26 18:00:00,29.3
108,서울,2024-07-27 00:00:00,28.1
108,서울,2024-07-27 06:00:00,27.5
108,서울,2024-07-27 12:00:00,31.2
108,서울,2024-07-27 18:00:00,28.7
108,서울,2024-07-28 00:00:00,27.5
108,서울,2024-07-28 06:00:00,27.3
108,서울,2024-07-28 12:00:00,31.0
108,서울,2024-07-28 18:00:00,30.3
108,서울,2024-07-29 00:00:00,27.8
108,서울,2024-07-29 06:00:00,27.2
108,서울,2024-07-29 12:00:00,27.6
108,서울,2024-07-29 18:00:00,27.4
108,서울,2024-07-30 00:00:00,26.8
108,서울,2024-07-30 06:00:00,26.3
108,서울,2024-07-30 12:00:00,30.2
108,서울,2024-07-30 18:00:00,31.2
108,서울,2024-07-31 00:00:00,27.7
108,서울,2024-07-31 06:00:00,27.0
108,서울,2024-07-31 12:00:00,30.7
108,서울,2024-07-31 18:00:00,32.3
108,서울,2024-08-01 00:00:00,27.9
108,서울,2024-08-01 06:00:00,27.5
108,서울,2024-08-01 12:00:00,31.1
108,서울,2024-08-01 18:00:00,32.6
108,서울,2024-08-02 00:00:00,29.0
108,서울,2024-08-02 06:00:00,28.2
108,서울,2024-08-02 12:00:00,29.8
108,서울,2024-08-02 18:00:00,31.7
108,서울,2024-08-03 00:00:00,28.9
108,서울,2024-08-03 06:00:00,27.3
108,서울,2024-08-03 12:00:00,32.0
108,서울,2024-08-03 18:00:00,33.4
108,서울,2024-08-04 00:00:00,28.7
108,서울,2024-08-04 06:00:00,27.3
108,서울,2024-08-04 12:00:00,35.0
108,서울,2024-08-04 18:00:00,34.9
108,서울,2024-08-05 00:00:00,30.6
108,서울,2024-08-05 06:00:00,27.5
108,서울,2024-08-05 12:00:00,32.0
108,서울,2024-08-05 18:00:00,33.0
108,서울,2024-08-06 00:00:00,26.9
108,서울,2024-08-06 06:00:00,25.7
108,서울,2024-08-06 12:00:00,30.5
108,서울,2024-08-06 18:00:00,33.2
108,서울,2024-08-07 00:00:00,28.9
108,서울,2024-08-07 06:00:00,27.2
108,서울,2024-08-07 12:00:00,30.1
108,서울,2024-08-07 18:00:00,32.3
108,서울,2024-08-08 00:00:00,27.7
108,서울,2024-08-08 06:00:00,27.1
108,서울,2024-08-08 12:00:00,29.6
108,서울,2024-08-08 18:00:00,30.8
108,서울,2024-08-09 00:00:00,26.9
108,서울,2024-08-09 06:00:00,25.6
108,서울,2024-08-09 12:00:00,30.5
108,서울,2024-08-09 18:00:00,32.2
108,서울,2024-08-10 00:00:00,28.4
108,서울,2024-08-10 06:00:00,26.4
108,서울,2024-08-10 12:00:00,32.2
108,서울,2024-08-10 18:00:00,32.8
108,서울,2024-08-11 00:00:00,29.0
108,서울,2024-08-11 06:00:00,27.8
108,서울,2024-08-11 12:00:00,32.6
108,서울,2024-08-11 18:00:00,32.9
108,서울,2024-08-12 00:00:00,29.5
108,서울,2024-08-12 06:00:00,28.3
108,서울,2024-08-12 12:00:00,32.8
108,서울,2024-08-12 18:00:00,33.7
108,서울,2024-08-13 00:00:00,29.9
108,서울,2024-08-13 06:00:00,28.2
108,서울,2024-08-13 12:00:00,33.8
108,서울,2024-08-13 18:00:00,32.1
108,서울,2024-08-14 00:00:00,29.8
108,서울,2024-08-14 06:00:00,28.3
108,서울,2024-08-14 12:00:00,33.1
108,서울,2024-08-14 18:00:00,28.0
108,서울,2024-08-15 00:00:00,27.8
108,서울,2024-08-15 06:00:00,26.7
108,서울,2024-08-15 12:00:00,32.0
108,서울,2024-08-15 18:00:00,28.6
108,서울,2024-08-16 00:00:00,27.5
108,서울,2024-08-16 06:00:00,26.8
108,서울,2024-08-16 12:00:00,31.7
108,서울,2024-08-16 18:00:00,32.4
108,서울,2024-08-17 00:00:00,28.4
108,서울,2024-08-17 06:00:00,27.2
108,서울,2024-08-17 12:00:00,32.6
108,서울,2024-08-17 18:00:00,31.4
108,서울,2024-08-18 00:00:00,27.3
108,서울,2024-08-18 06:00:00,27.0
108,서울,2024-08-18 12:00:00,32.4
108,서울,2024-08-18 18:00:00,30.8
108,서울,2024-08-19 00:00:00,27.8
108,서울,2024-08-19 06:00:00,26.4
108,서울,2024-08-19 12:00:00,33.5
108,서울,2024-08-19 18:00:00,30.8
108,서울,2024-08-20 00:00:00,27.6
108,서울,2024-08-20 06:00:00,27.0
108,서울,2024-08-20 12:00:00,33.6
108,서울,2024-08-20 18:00:00,34.3
108,서울,2024-08-21 00:00:00,30.8
108,서울,2024-08-21 06:00:00,27.1
108,서울,2024-08-21 12:00:00,27.9
108,서울,2024-08-21 18:00:00,29.7
108,서울,2024-08-22 00:00:00,28.9
108,서울,2024-08-22 06:00:00,28.1
108,서울,2024-08-22 12:00:00,30.2
108,서울,2024-08-22 18:00:00,28.5
108,서울,2024-08-23 00:00:00,27.1
108,서울,2024-08-23 06:00:00,26.4
108,서울,2024-08-23 12:00:00,30.3
108,서울,2024-08-23 18:00:00,30.7
108,서울,2024-08-24 00:00:00,27.0
108,서울,2024-08-24 06:00:00,25.2
108,서울,2024-08-24 12:00:00,29.0
108,서울,2024-08-24 18:00:00,29.8
108,서울,2024-08-25 00:00:00,26.5
108,서울,2024-08-25 06:00:00,25.0
108,서울,2024-08-25 12:00:00,30.7
108,서울,2024-08-25 18:00:00,30.9
108,서울,2024-08-26 00:00:00,27.6
108,서울,2024-08-26 06:00:00,25.7
108,서울,2024-08-26 12:00:00,29.7
108,서울,2024-08-26 18:00:00,29.3
108,서울,2024-08-27 00:00:00,27.3
108,서울,2024-08-27 06:00:00,25.5
108,서울,2024-08-27 12:00:00,25.6
108,서울,2024-08-27 18:00:00,29.6
108,서울,2024-08-28 00:00:00,25.0
108,서울,2024-08-28 06:00:00,23.0
108,서울,2024-08-28 12:00:00,30.7
108,서울,2024-08-28 18:00:00,32.0
108,서울,2024-08-29 00:00:00,26.9
108,서울,2024-08-29 06:00:00,23.6
108,서울,2024-08-29 12:00:00,31.4
108,서울,2024-08-29 18:00:00,31.7
108,서울,2024-08-30 00:00:00,26.7
108,서울,2024-08-30 06:00:00,23.8
108,서울,2024-08-30 12:00:00,31.0
108,서울,2024-08-30 18:00:00,31.4
108,서울,2024-08-31 00:00:00,26.0
108,서울,2024-08-31 06:00:00,22.8
108,서울,2024-08-31 12:00:00,30.4
108,서울,2024-08-31 18:00:00,31.3
108,서울,2024-09-01 00:00:00,26.3
108,서울,2024-09-01 06:00:00,24.6
108,서울,2024-09-01 12:00:00,29.2
108,서울,2024-09-01 18:00:00,28.5
108,서울,2024-09-02 00:00:00,24.9
108,서울,2024-09-02 06:00:00,22.6
108,서울,2024-09-02 12:00:00,24.0
108,서울,2024-09-02 18:00:00,26.8
108,서울,2024-09-03 00:00:00,24.4
108,서울,2024-09-03 06:00:00,23.3
108,서울,2024-09-03 12:00:00,29.1
108,서울,2024-09-03 18:00:00,30.0
108,서울,2024-09-04 00:00:00,25.4
108,서울,2024-09-04 06:00:00,23.2
108,서울,2024-09-04 12:00:00,30.3
108,서울,2024-09-04 18:00:00,31.7
108,서울,2024-09-05 00:00:00,27.0
108,서울,2024-09-05 06:00:00,26.2
108,서울,2024-09-05 12:00:00,26.6
108,서울,2024-09-05 18:00:00,26.2
108,서울,2024-09-06 00:00:00,25.7
108,서울,2024-09-06 06:00:00,23.8
108,서울,2024-09-06 12:00:00,23.5
108,서울,2024-09-06 18:00:00,24.1
108,서울,2024-09-07 00:00:00,23.3
108,서울,2024-09-07 06:00:00,23.0
108,서울,2024-09-07 12:00:00,29.0
108,서울,2024-09-07 18:00:00,29.5
108,서울,2024-09-08 00:00:00,24.8
108,서울,2024-09-08 06:00:00,22.8
108,서울,2024-09-08 12:00:00,30.1
108,서울,2024-09-08 18:00:00,30.0
108,서울,2024-09-09 00:00:00,25.7
108,서울,2024-09-09 06:00:00,24.2
108,서울,2024-09-09 12:00:00,30.8
108,서울,2024-09-09 18:00:00,31.2
108,서울,2024-09-10 00:00:00,27.3
108,서울,2024-09-10 06:00:00,25.6
108,서울,2024-09-10 12:00:00,32.6
108,서울,2024-09-10 18:00:00,32.2
108,서울,2024-09-11 00:00:00,27.7
108,서울,2024-09-11 06:00:00,25.5
108,서울,2024-09-11 12:00:00,33.6
108,서울,2024-09-11 18:00:00,29.1
108,서울,2024-09-12 00:00:00,27.1
108,서울,2024-09-12 06:00:00,25.3
108,서울,2024-09-12 12:00:00,26.0
108,서울,2024-09-12 18:00:00,25.2
108,서울,2024-09-13 00:00:00,24.8
108,서울,2024-09-13 06:00:00,24.2
108,서울,2024-09-13 12:00:00,27.5
108,서울,2024-09-13 18:00:00,26.7
108,서울,2024-09-14 00:00:00,26.1
108,서울,2024-09-14 06:00:00,25.3
108,서울,2024-09-14 12:00:00,29.9
108,서울,2024-09-14 18:00:00,30.3
108,서울,2024-09-15 00:00:00,26.5
108,서울,2024-09-15 06:00:00,25.0
108,서울,2024-09-15 12:00:00,30.7
108,서울,2024-09-15 18:00:00,28.9
108,서울,2024-09-16 00:00:00,24.2
108,서울,2024-09-16 06:00:00,22.0
108,서울,2024-09-16 12:00:00,27.8
108,서울,2024-09-16 18:00:00,30.6
108,서울,2024-09-17 00:00:00,27.6
108,서울,2024-09-17 06:00:00,25.8
108,서울,2024-09-17 12:00:00,31.7
108,서울,2024-09-17 18:00:00,29.6
108,서울,2024-09-18 00:00:00,27.1
108,서울,2024-09-18 06:00:00,26.5
108,서울,2024-09-18 12:00:00,31.7
108,서울,2024-09-18 18:00:00,31.7
108,서울,2024-09-19 00:00:00,27.9
108,서울,2024-09-19 06:00:00,25.8
108,서울,2024-09-19 12:00:00,31.1
108,서울,2024-09-19 18:00:00,31.5
108,서울,2024-09-20 00:00:00,28.7
108,서울,2024-09-20 06:00:00,25.5
108,서울,2024-09-20 12:00:00,27.3
108,서울,2024-09-20 18:00:00,25.8
108,서울,2024-09-21 00:00:00,17.9
108,서울,2024-09-21 06:00:00,17.3
108,서울,2024-09-21 12:00:00,20.2
108,서울,2024-09-21 18:00:00,21.5
108,서울,2024-09-22 00:00:00,18.8
108,서울,2024-09-22 06:00:00,17.1
108,서울,2024-09-22 12:00:00,23.9
108,서울,2024-09-22 18:00:00,23.6
108,서울,2024-09-23 00:00:00,18.8
108,서울,2024-09-23 06:00:00,16.7
108,서울,2024-09-23 12:00:00,23.9
108,서울,2024-09-23 18:00:00,24.0
108,서울,2024-09-24 00:00:00,18.5
108,서울,2024-09-24 06:00:00,15.8
108,서울,2024-09-24 12:00:00,23.9
108,서울,2024-09-24 18:00:00,24.9
108,서울,2024-09-25 00:00:00,19.3
108,서울,2024-09-25 06:00:00,19.2
108,서울,2024-09-25 12:00:00,26.2
108,서울,2024-09-25 18:00:00,26.2
108,서울,2024-09-26 00:00:00,23.1
108,서울,2024-09-26 06:00:00,21.4
108,서울,2024-09-26 12:00:00,25.7
108,서울,2024-09-26 18:00:00,25.4
108,서울,2024-09-27 00:00:00,21.5
108,서울,2024-09-27 06:00:00,19.3
108,서울,2024-09-27 12:00:00,24.8
108,서울,2024-09-27 18:00:00,25.6
108,서울,2024-09-28 00:00:00,20.7
108,서울,2024-09-28 06:00:00,19.3
108,서울,2024-09-28 12:00:00,26.1
108,서울,2024-09-28 18:00:00,25.8
108,서울,2024-09-29 00:00:00,21.3
108,서울,2024-09-29 06:00:00,19.3
108,서울,2024-09-29 12:00:00,26.8
108,서울,2024-09-29 18:00:00,26.3
108,서울,2024-09-30 00:00:00,21.6
108,서울,2024-09-30 06:00:00,18.5
108,서울,2024-09-30 12:00:00,26.5
108,서울,2024-09-30 18:00:00,24.6
108,서울,2024-10-01 00:00:00,21.8
108,서울,2024-10-01 06:00:00,20.7
108,서울,2024-10-01 12:00:00,18.8
108,서울,2024-10-01 18:00:00,18.3
108,서울,2024-10-02 00:00:00,13.3
108,서울,2024-10-02 06:00:00,12.1
108,서울,2024-10-02 12:00:00,17.2
108,서울,2024-10-02 18:00:00,17.1
108,서울,2024-10-03 00:00:00,12.6
108,서울,2024-10-03 06:00:00,10.9
108,서울,2024-10-03 12:00:00,21.1
108,서울,2024-10-03 18:00:00,19.5
108,서울,2024-10-04 00:00:00,14.6
108,서울,2024-10-04 06:00:00,12.3
108,서울,2024-10-04 12:00:00,21.3
108,서울,2024-10-04 18:00:00,20.8
108,서울,2024-10-05 00:00:00,15.7
108,서울,2024-10-05 06:00:00,11.7
108,서울,2024-10-05 12:00:00,21.6
108,서울,2024-10-05 18:00:00,20.8
108,서울,2024-10-06 00:00:00,15.4
108,서울,2024-10-06 06:00:00,12.4
108,서울,2024-10-06 12:00:00,16.6
108,서울,2024-10-06 18:00:00,16.9
108,서울,2024-10-07 00:00:00,14.7
108,서울,2024-10-07 06:00:00,14.2
108,서울,2024-10-07 12:00:00,19.4
108,서울,2024-10-07 18:00:00,18.7
108,서울,2024-10-08 00:00:00,15.6
108,서울,2024-10-08 06:00:00,13.1
108,서울,2024-10-08 12:00:00,20.7
108,서울,2024-10-08 18:00:00,20.3
108,서울,2024-10-09 00:00:00,16.3
108,서울,2024-10-09 06:00:00,14.1
108,서울,2024-10-09 12:00:00,22.4
108,서울,2024-10-09 18:00:00,21.9
108,서울,2024-10-10 00:00:00,17.7
108,서울,2024-10-10 06:00:00,15.5
108,서울,2024-10-10 12:00:00,20.7
108,서울,2024-10-10 18:00:00,21.8
108,서울,2024-10-11 00:00:00,17.0
108,서울,2024-10-11 06:00:00,14.1
108,서울,2024-10-11 12:00:00,22.7
108,서울,2024-10-11 18:00:00,21.0
108,서울,2024-10-12 00:00:00,16.5
108,서울,2024-10-12 06:00:00,13.9
108,서울,2024-10-12 12:00:00,22.3
108,서울,2024-10-12 18:00:00,21.3
108,서울,2024-10-13 00:00:00,15.7
108,서울,2024-10-13 06:00:00,12.8
108,서울,2024-10-13 12:00:00,21.8
108,서울,2024-10-13 18:00:00,20.8
108,서울,2024-10-14 00:00:00,18.4
108,서울,2024-10-14 06:00:00,17.6
108,서울,2024-10-14 12:00:00,20.2
108,서울,2024-10-14 18:00:00,20.4
108,서울,2024-10-15 00:00:00,18.8
108,서울,2024-10-15 06:00:00,17.7
108,서울,2024-10-15 12:00:00,20.5
108,서울,2024-10-15 18:00:00,20.3
108,서울,2024-10-16 00:00:00,17.7
108,서울,2024-10-16 06:00:00,14.8
108,서울,2024-10-16 12:00:00,20.8
108,서울,2024-10-16 18:00:00,20.8
108,서울,2024-10-17 00:00:00,15.7
108,서울,2024-10-17 06:00:00,13.9
108,서울,2024-10-17 12:00:00,22.5
108,서울,2024-10-17 18:00:00,22.4
108,서울,2024-10-18 00:00:00,18.3
108,서울,2024-10-18 06:00:00,18.0
108,서울,2024-10-18 12:00:00,18.4
108,서울,2024-10-18 18:00:00,17.0
108,서울,2024-10-19 00:00:00,16.6
108,서울,2024-10-19 06:00:00,15.9
108,서울,2024-10-19 12:00:00,20.8
108,서울,2024-10-19 18:00:00,17.5
108,서울,2024-10-20 00:00:00,12.4
108,서울,2024-10-20 06:00:00,10.8
108,서울,2024-10-20 12:00:00,16.1
108,서울,2024-10-20 18:00:00,15.3
108,서울,2024-10-21 00:00:00,10.8
108,서울,2024-10-21 06:00:00,10.2
108,서울,2024-10-21 12:00:00,16.4
108,서울,2024-10-21 18:00:00,17.6
108,서울,2024-10-22 00:00:00,16.2
108,서울,2024-10-22 06:00:00,15.2
108,서울,2024-10-22 12:00:00,15.5
108,서울,2024-10-22 18:00:00,15.9
108,서울,2024-10-23 00:00:00,15.2
108,서울,2024-10-23 06:00:00,11.5
108,서울,2024-10-23 12:00:00,13.9
108,서울,2024-10-23 18:00:00,13.7
108,서울,2024-10-24 00:00:00,9.4
108,서울,2024-10-24 06:00:00,7.2
108,서울,2024-10-24 12:00:00,15.9
108,서울,2024-10-24 18:00:00,15.9
108,서울,2024-10-25 00:00:00,11.5
108,서울,2024-10-25 06:00:00,9.2
108,서울,2024-10-25 12:00:00,18.7
108,서울,2024-10-25 18:00:00,18.1
108,서울,2024-10-26 00:00:00,13.8
108,서울,2024-10-26 06:00:00,11.0
108,서울,2024-10-26 12:00:00,20.9
108,서울,2024-10-26 18:00:00,21.0
108,서울,2024-10-27 00:00:00,16.1
108,서울,2024-10-27 06:00:00,14.7
108,서울,2024-10-27 12:00:00,18.3
108,서울,2024-10-27 18:00:00,16.6
108,서울,2024-10-28 00:00:00,14.0
108,서울,2024-10-28 06:00:00,12.7
108,서울,2024-10-28 12:00:00,17.0
108,서울,2024-10-28 18:00:00,18.4
108,서울,2024-10-29 00:00:00,15.1
108,서울,2024-10-29 06:00:00,13.5
108,서울,2024-10-29 12:00:00,15.8
108,서울,2024-10-29 18:00:00,16.3
108,서울,2024-10-30 00:00:00,13.7
108,서울,2024-10-30 06:00:00,11.8
108,서울,2024-10-30 12:00:00,19.9
108,서울,2024-10-30 18:00:00,17.8
108,서울,2024-10-31 00:00:00,13.7
108,서울,2024-10-31 06:00:00,11.4
108,서울,2024-10-31 12:00:00,19.7
108,서울,2024-10-31 18:00:00,18.7
108,서울,2024-11-01 00:00:00,13.9
108,서울,2024-11-01 06:00:00,13.0
108,서울,2024-11-01 12:00:00,16.6
108,서울,2024-11-01 18:00:00,16.9
108,서울,2024-11-02 00:00:00,15.0
108,서울,2024-11-02 06:00:00,13.3
108,서울,2024-11-02 12:00:00,22.3
108,서울,2024-11-02 18:00:00,21.2
108,서울,2024-11-03 00:00:00,15.4
108,서울,2024-11-03 06:00:00,13.3
108,서울,2024-11-03 12:00:00,20.7
108,서울,2024-11-03 18:00:00,19.6
108,서울,2024-11-04 00:00:00,17.3
108,서울,2024-11-04 06:00:00,16.5
108,서울,2024-11-04 12:00:00,17.8
108,서울,2024-11-04 18:00:00,13.3
108,서울,2024-11-05 00:00:00,9.0
108,서울,2024-11-05 06:00:00,6.6
108,서울,2024-11-05 12:00:00,12.8
108,서울,2024-11-05 18:00:00,10.6
108,서울,2024-11-06 00:00:00,6.0
108,서울,2024-11-06 06:00:00,4.2
108,서울,2024-11-06 12:00:00,10.9
108,서울,2024-11-06 18:00:00,9.0
108,서울,2024-11-07 00:00:00,4.7
108,서울,2024-11-07 06:00:00,2.0
108,서울,2024-11-07 12:00:00,11.7
108,서울,2024-11-07 18:00:00,10.9
108,서울,2024-11-08 00:00:00,6.5
108,서울,2024-11-08 06:00:00,3.5
108,서울,2024-11-08 12:00:00,14.7
108,서울,2024-11-08 18:00:00,13.6
108,서울,2024-11-09 00:00:00,9.5
108,서울,2024-11-09 06:00:00,6.9
108,서울,2024-11-09 12:00:00,17.7
108,서울,2024-11-09 18:00:00,15.8
108,서울,2024-11-10 00:00:00,11.4
108,서울,2024-11-10 06:00:00,10.4
108,서울,2024-11-10 12:00:00,17.7
108,서울,2024-11-10 18:00:00,16.9
108,서울,2024-11-11 00:00:00,12.5
108,서울,2024-11-11 06:00:00,10.1
108,서울,2024-11-11 12:00:00,17.8
108,서울,2024-11-11 18:00:00,17.3
108,서울,2024-11-12 00:00:00,13.4
108,서울,2024-11-12 06:00:00,12.9
108,서울,2024-11-12 12:00:00,17.2
108,서울,2024-11-12 18:00:00,15.6
108,서울,2024-11-13 00:00:00,11.0
108,서울,2024-11-13 06:00:00,8.4
108,서울,2024-11-13 12:00:00,18.1
108,서울,2024-11-13 18:00:00,17.2
108,서울,2024-11-14 00:00:00,14.1
108,서울,2024-11-14 06:00:00,13.6
108,서울,2024-11-14 12:00:00,15.9
108,서울,2024-11-14 18:00:00,15.3
108,서울,2024-11-15 00:00:00,14.4
108,서울,2024-11-15 06:00:00,14.2
108,서울,2024-11-15 12:00:00,17.8
108,서울,2024-11-15 18:00:00,19.0
108,서울,2024-11-16 00:00:00,16.7
108,서울,2024-11-16 06:00:00,15.8
108,서울,2024-11-16 12:00:00,21.2
108,서울,2024-11-16 18:00:00,16.1
108,서울,2024-11-17 00:00:00,14.4
108,서울,2024-11-17 06:00:00,8.1
108,서울,2024-11-17 12:00:00,7.3
108,서울,2024-11-17 18:00:00,6.8
108,서울,2024-11-18 00:00:00,2.1
108,서울,2024-11-18 06:00:00,0.0
108,서울,2024-11-18 12:00:00,5.7
108,서울,2024-11-18 18:00:00,4.7
108,서울,2024-11-19 00:00:00,0.3
108,서울,2024-11-19 06:00:00,1.3
108,서울,2024-11-19 12:00:00,9.1
108,서울,2024-11-19 18:00:00,8.3
108,서울,2024-11-20 00:00:00,4.9
108,서울,2024-11-20 06:00:00,2.6
108,서울,2024-11-20 12:00:00,9.5
108,서울,2024-11-20 18:00:00,8.5
108,서울,2024-11-21 00:00:00,6.5
108,서울,2024-11-21 06:00:00,6.2
108,서울,2024-11-21 12:00:00,13.0
108,서울,2024-11-21 18:00:00,11.6
108,서울,2024-11-22 00:00:00,8.9
108,서울,2024-11-22 06:00:00,4.5
108,서울,2024-11-22 12:00:00,8.1
108,서울,2024-11-22 18:00:00,7.8
108,서울,2024-11-23 00:00:00,3.4
108,서울,2024-11-23 06:00:00,1.8
108,서울,2024-11-23 12:00:00,10.4
108,서울,2024-11-23 18:00:00,9.2
108,서울,2024-11-24 00:00:00,4.9
108,서울,2024-11-24 06:00:00,3.1
108,서울,2024-11-24 12:00:00,10.8
108,서울,2024-11-24 18:00:00,10.1
108,서울,2024-11-25 00:00:00,6.1
108,서울,2024-11-25 06:00:00,3.8
108,서울,2024-11-25 12:00:00,12.7
108,서울,2024-11-25 18:00:00,13.3
108,서울,2024-11-26 00:00:00,12.7
108,서울,2024-11-26 06:00:00,9.7
108,서울,2024-11-26 12:00:00,6.8
108,서울,2024-11-26 18:00:00,3.7
108,서울,2024-11-27 00:00:00,1.0
108,서울,2024-11-27 06:00:00,0.2
108,서울,2024-11-27 12:00:00,-0.4
108,서울,2024-11-27 18:00:00,-0.6
108,서울,2024-11-28 00:00:00,-0.1
108,서울,2024-11-28 06:00:00,0.1
108,서울,2024-11-28 12:00:00,2.5
108,서울,2024-11-28 18:00:00,1.3
108,서울,2024-11-29 00:00:00,-1.7
108,서울,2024-11-29 06:00:00,-3.0
108,서울,2024-11-29 12:00:00,2.6
108,서울,2024-11-29 18:00:00,2.4
108,서울,2024-11-30 00:00:00,0.6
108,서울,2024-11-30 06:00:00,-0.3
108,서울,2024-11-30 12:00:00,3.3
108,서울,2024-11-30 18:00:00,4.0
108,서울,2024-12-01 00:00:00,2.8
108,서울,2024-12-01 06:00:00,1.6
108,서울,2024-12-01 12:00:00,6.5
108,서울,2024-12-01 18:00:00,7.2
108,서울,2024-12-02 00:00:00,5.8
108,서울,2024-12-02 06:00:00,4.7
108,서울,2024-12-02 12:00:00,10.8
108,서울,2024-12-02 18:00:00,8.6
108,서울,2024-12-03 00:00:00,0.6
108,서울,2024-12-03 06:00:00,-2.2
108,서울,2024-12-03 12:00:00,2.7
108,서울,2024-12-03 18:00:00,2.7
108,서울,2024-12-04 00:00:00,2.9
108,서울,2024-12-04 06:00:00,0.7
108,서울,2024-12-04 12:00:00,5.1
108,서울,2024-12-04 18:00:00,4.3
108,서울,2024-12-05 00:00:00,2.4
108,서울,2024-12-05 06:00:00,0.5
108,서울,2024-12-05 12:00:00,7.2
108,서울,2024-12-05 18:00:00,4.9
108,서울,2024-12-06 00:00:00,4.2
108,서울,2024-12-06 06:00:00,1.2
108,서울,2024-12-06 12:00:00,4.2
108,서울,2024-12-06 18:00:00,2.7
108,서울,2024-12-07 00:00:00,-0.4
108,서울,2024-12-07 06:00:00,-2.0
108,서울,2024-12-07 12:00:00,2.7
108,서울,2024-12-07 18:00:00,1.4
108,서울,2024-12-08 00:00:00,-1.6
108,서울,2024-12-08 06:00:00,-3.5
108,서울,2024-12-08 12:00:00,1.8
108,서울,2024-12-08 18:00:00,1.9
108,서울,2024-12-09 00:00:00,-0.6
108,서울,2024-12-09 06:00:00,-3.6
108,서울,2024-12-09 12:00:00,4.1
108,서울,2024-12-09 18:00:00,4.0
108,서울,2024-12-10 00:00:00,0.8
108,서울,2024-12-10 06:00:00,-1.4
108,서울,2024-12-10 12:00:00,5.9
108,서울,2024-12-10 18:00:00,4.5
108,서울,2024-12-11 00:00:00,2.7
108,서울,2024-12-11 06:00:00,1.1
108,서울,2024-12-11 12:00:00,5.0
108,서울,2024-12-11 18:00:00,4.9
108,서울,2024-12-12 00:00:00,0.2
108,서울,2024-12-12 06:00:00,-2.5
108,서울,2024-12-12 12:00:00,3.6
108,서울,2024-12-12 18:00:00,1.9
108,서울,2024-12-13 00:00:00,0.4
108,서울,2024-12-13 06:00:00,-0.3
108,서울,2024-12-13 12:00:00,3.5
108,서울,2024-12-13 18:00:00,2.1
108,서울,2024-12-14 00:00:00,-1.5
108,서울,2024-12-14 06:00:00,-3.2
108,서울,2024-12-14 12:00:00,0.7
108,서울,2024-12-14 18:00:00,0.6
108,서울,2024-12-15 00:00:00,-0.8
108,서울,2024-12-15 06:00:00,0.4
108,서울,2024-12-15 12:00:00,3.6
108,서울,2024-12-15 18:00:00,2.2
108,서울,2024-12-16 00:00:00,-2.2
108,서울,2024-12-16 06:00:00,-3.1
108,서울,2024-12-16 12:00:00,3.8
108,서울,2024-12-16 18:00:00,1.3
108,서울,2024-12-17 00:00:00,-1.5
108,서울,2024-12-17 06:00:00,-3.1
108,서울,2024-12-17 12:00:00,1.1
108,서울,2024-12-17 18:00:00,1.0
108,서울,2024-12-18 00:00:00,-3.5
108,서울,2024-12-18 06:00:00,-5.6
108,서울,2024-12-18 12:00:00,-2.0
108,서울,2024-12-18 18:00:00,-2.1
108,서울,2024-12-19 00:00:00,-4.6
108,서울,2024-12-19 06:00:00,-6.3
108,서울,2024-12-19 12:00:00,1.7
108,서울,2024-12-19 18:00:00,1.1
108,서울,2024-12-20 00:00:00,-1.1
108,서울,2024-12-20 06:00:00,-1.3
108,서울,2024-12-20 12:00:00,2.7
108,서울,2024-12-20 18:00:00,3.1
108,서울,2024-12-21 00:00:00,1.4
108,서울,2024-12-21 06:00:00,1.4
108,서울,2024-12-21 12:00:00,0.6
108,서울,2024-12-21 18:00:00,-1.4
108,서울,2024-12-22 00:00:00,-4.7
108,서울,2024-12-22 06:00:00,-7.3
108,서울,2024-12-22 12:00:00,-1.6
108,서울,2024-12-22 18:00:00,-0.9
108,서울,2024-12-23 00:00:00,-3.2
108,서울,2024-12-23 06:00:00,-4.5
108,서울,2024-12-23 12:00:00,3.8
108,서울,2024-12-23 18:00:00,3.7
108,서울,2024-12-24 00:00:00,-1.1
108,서울,2024-12-24 06:00:00,-4.1
108,서울,2024-12-24 12:00:00,1.9
108,서울,2024-12-24 18:00:00,1.5
108,서울,2024-12-25 00:00:00,-0.3
108,서울,2024-12-25 06:00:00,-0.8
108,서울,2024-12-25 12:00:00,3.5
108,서울,2024-12-25 18:00:00,4.6
108,서울,2024-12-26 00:00:00,4.2
108,서울,2024-12-26 06:00:00,2.5
108,서울,2024-12-26 12:00:00,1.3
108,서울,2024-12-26 18:00:00,-0.4
108,서울,2024-12-27 00:00:00,-4.8
108,서울,2024-12-27 06:00:00,-5.1
108,서울,2024-12-27 12:00:00,-0.8
108,서울,2024-12-27 18:00:00,-0.6
108,서울,2024-12-28 00:00:00,-3.6
108,서울,2024-12-28 06:00:00,-5.7
108,서울,2024-12-28 12:00:00,-1.7
108,서울,2024-12-28 18:00:00,-1.1
108,서울,2024-12-29 00:00:00,-2.5
108,서울,2024-12-29 06:00:00,-3.1
108,서울,2024-12-29 12:00:00,3.7
108,서울,2024-12-29 18:00:00,3.9
108,서울,2024-12-30 00:00:00,2.1
108,서울,2024-12-30 06:00:00,2.5
108,서울,2024-12-30 12:00:00,9.3
108,서울,2024-12-30 18:00:00,7.8
108,서울,2024-12-31 00:00:00,4.8
108,서울,2024-12-31 06:00:00,-0.6
108,서울,2024-12-31 12:00:00,1.9
108,서울,2024-12-31 18:00:00,1.2
108,서울,2025-01-01 00:00:00,-1.2
108,서울,2025-01-01 06:00:00,-1.9
108,서울,2025-01-01 12:00:00,6.7
108,서울,2025-01-01 18:00:00,5.6
108,서울,2025-01-02 00:00:00,0.7
108,서울,2025-01-02 06:00:00,-2.5
108,서울,2025-01-02 12:00:00,3.5
108,서울,2025-01-02 18:00:00,2.7
108,서울,2025-01-03 00:00:00,-2.0
108,서울,2025-01-03 06:00:00,-5.1
108,서울,2025-01-03 12:00:00,1.9
108,서울,2025-01-03 18:00:00,1.2
108,서울,2025-01-04 00:00:00,-1.9
108,서울,2025-01-04 06:00:00,-4.9
108,서울,2025-01-04 12:00:00,3.3
108,서울,2025-01-04 18:00:00,3.0
108,서울,2025-01-05 00:00:00,-0.3
108,서울,2025-01-05 06:00:00,0.5
108,서울,2025-01-05 12:00:00,0.6
108,서울,2025-01-05 18:00:00,1.9
108,서울,2025-01-06 00:00:00,2.4
108,서울,2025-01-06 06:00:00,2.2
108,서울,2025-01-06 12:00:00,2.7
108,서울,2025-01-06 18:00:00,0.2
108,서울,2025-01-07 00:00:00,-3.0
108,서울,2025-01-07 06:00:00,-5.0
108,서울,2025-01-07 12:00:00,-0.6
108,서울,2025-01-07 18:00:00,-1.0
108,서울,2025-01-08 00:00:00,-4.3
108,서울,2025-01-08 06:00:00,-4.5
108,서울,2025-01-08 12:00:00,-1.0
108,서울,2025-01-08 18:00:00,-2.0
108,서울,2025-01-09 00:00:00,-6.1
108,서울,2025-01-09 06:00:00,-9.5
108,서울,2025-01-09 12:00:00,-8.1
108,서울,2025-01-09 18:00:00,-10.3
108,서울,2025-01-10 00:00:00,-11.6
108,서울,2025-01-10 06:00:00,-11.5
108,서울,2025-01-10 12:00:00,-5.4
108,서울,2025-01-10 18:00:00,-4.2
108,서울,2025-01-11 00:00:00,-6.1
108,서울,2025-01-11 06:00:00,-9.0
108,서울,2025-01-11 12:00:00,-2.7
108,서울,2025-01-11 18:00:00,-2.5
108,서울,2025-01-12 00:00:00,-6.0
108,서울,2025-01-12 06:00:00,-7.7
108,서울,2025-01-12 12:00:00,-1.0
108,서울,2025-01-12 18:00:00,-0.2
108,서울,2025-01-13 00:00:00,-3.3
108,서울,2025-01-13 06:00:00,-5.6
108,서울,2025-01-13 12:00:00,1.1
108,서울,2025-01-13 18:00:00,2.0
108,서울,2025-01-14 00:00:00,1.7
108,서울,2025-01-14 06:00:00,1.7
108,서울,2025-01-14 12:00:00,5.0
108,서울,2025-01-14 18:00:00,3.8
108,서울,2025-01-15 00:00:00,-1.7
108,서울,2025-01-15 06:00:00,-4.8
108,서울,2025-01-15 12:00:00,-2.6
108,서울,2025-01-15 18:00:00,-2.7
108,서울,2025-01-16 00:00:00,-4.9
108,서울,2025-01-16 06:00:00,-3.4
108,서울,2025-01-16 12:00:00,0.3
108,서울,2025-01-16 18:00:00,2.5
108,서울,2025-01-17 00:00:00,-1.1
108,서울,2025-01-17 06:00:00,-4.4
108,서울,2025-01-17 12:00:00,1.8
108,서울,2025-01-17 18:00:00,2.8
108,서울,2025-01-18 00:00:00,-1.4
108,서울,2025-01-18 06:00:00,-3.5
108,서울,2025-01-18 12:00:00,4.4
108,서울,2025-01-18 18:00:00,4.1
108,서울,2025-01-19 00:00:00,-0.2
108,서울,2025-01-19 06:00:00,0.5
108,서울,2025-01-19 12:00:00,4.9
108,서울,2025-01-19 18:00:00,6.8
108,서울,2025-01-20 00:00:00,3.8
108,서울,2025-01-20 06:00:00,3.7
108,서울,2025-01-20 12:00:00,5.0
108,서울,2025-01-20 18:00:00,4.8
108,서울,2025-01-21 00:00:00,0.9
108,서울,2025-01-21 06:00:00,-0.6
108,서울,2025-01-21 12:00:00,4.8
108,서울,2025-01-21 18:00:00,4.2
108,서울,2025-01-22 00:00:00,2.4
108,서울,2025-01-22 06:00:00,3.2
108,서울,2025-01-22 12:00:00,5.7
108,서울,2025-01-22 18:00:00,4.6
108,서울,2025-01-23 00:00:00,0.5
108,서울,2025-01-23 06:00:00,-1.8
108,서울,2025-01-23 12:00:00,5.8
108,서울,2025-01-23 18:00:00,4.6
108,서울,2025-01-24 00:00:00,0.1
108,서울,2025-01-24 06:00:00,-2.2
108,서울,2025-01-24 12:00:00,6.4
108,서울,2025-01-24 18:00:00,7.4
108,서울,2025-01-25 00:00:00,2.6
108,서울,2025-01-25 06:00:00,1.3
108,서울,2025-01-25 12:00:00,9.2
108,서울,2025-01-25 18:00:00,7.8
108,서울,2025-01-26 00:00:00,3.4
108,서울,2025-01-26 06:00:00,2.0
108,서울,2025-01-26 12:00:00,6.6
108,서울,2025-01-26 18:00:00,5.8
108,서울,2025-01-27 00:00:00,5.1
108,서울,2025-01-27 06:00:00,2.9
108,서울,2025-01-27 12:00:00,0.0
108,서울,2025-01-27 18:00:00,-1.0
108,서울,2025-01-28 00:00:00,-2.7
108,서울,2025-01-28 06:00:00,-3.9
108,서울,2025-01-28 12:00:00,-3.0
108,서울,2025-01-28 18:00:00,-4.0
108,서울,2025-01-29 00:00:00,-5.2
108,서울,2025-01-29 06:00:00,-5.8
108,서울,2025-01-29 12:00:00,-3.6
108,서울,2025-01-29 18:00:00,-3.6
108,서울,2025-01-30 00:00:00,-5.5
108,서울,2025-01-30 06:00:00,-7.2
108,서울,2025-01-30 12:00:00,-2.3
108,서울,2025-01-30 18:00:00,-1.8
108,서울,2025-01-31 00:00:00,-1.8
108,서울,2025-01-31 06:00:00,-2.5
108,서울,2025-01-31 12:00:00,-0.9
108,서울,2025-01-31 18:00:00,0.0
108,서울,2025-02-01 00:00:00,0.6
108,서울,2025-02-01 06:00:00,-1.8
108,서울,2025-02-01 12:00:00,2.6
108,서울,2025-02-01 18:00:00,5.0
108,서울,2025-02-02 00:00:00,0.0
108,서울,2025-02-02 06:00:00,-2.2
108,서울,2025-02-02 12:00:00,4.9
108,서울,2025-02-02 18:00:00,3.7
108,서울,2025-02-03 00:00:00,0.6
108,서울,2025-02-03 06:00:00,-3.0
108,서울,2025-02-03 12:00:00,-3.0
108,서울,2025-02-03 18:00:00,-4.4
108,서울,2025-02-04 00:00:00,-8.2
108,서울,2025-02-04 06:00:00,-10.7
108,서울,2025-02-04 12:00:00,-7.9
108,서울,2025-02-04 18:00:00,-7.4
108,서울,2025-02-05 00:00:00,-10.5
108,서울,2025-02-05 06:00:00,-11.4
108,서울,2025-02-05 12:00:00,-7.5
108,서울,2025-02-05 18:00:00,-6.0
108,서울,2025-02-06 00:00:00,-10.2
108,서울,2025-02-06 06:00:00,-11.0
108,서울,2025-02-06 12:00:00,-2.2
108,서울,2025-02-06 18:00:00,-1.9
108,서울,2025-02-07 00:00:00,-5.0
108,서울,2025-02-07 06:00:00,-6.5
108,서울,2025-02-07 12:00:00,-7.1
108,서울,2025-02-07 18:00:00,-9.1
108,서울,2025-02-08 00:00:00,-10.7
108,서울,2025-02-08 06:00:00,-11.5
108,서울,2025-02-08 12:00:00,-7.0
108,서울,2025-02-08 18:00:00,-5.1
108,서울,2025-02-09 00:00:00,-7.5
108,서울,2025-02-09 06:00:00,-9.2
108,서울,2025-02-09 12:00:00,-2.3
108,서울,2025-02-09 18:00:00,-1.8
108,서울,2025-02-10 00:00:00,-4.9
108,서울,2025-02-10 06:00:00,-6.6
108,서울,2025-02-10 12:00:00,0.7
108,서울,2025-02-10 18:00:00,0.1
108,서울,2025-02-11 00:00:00,-3.0
108,서울,2025-02-11 06:00:00,-5.5
108,서울,2025-02-11 12:00:00,2.8
108,서울,2025-02-11 18:00:00,4.7
108,서울,2025-02-12 00:00:00,1.3
108,서울,2025-02-12 06:00:00,1.1
108,서울,2025-02-12 12:00:00,1.2
108,서울,2025-02-12 18:00:00,1.8
108,서울,2025-02-13 00:00:00,-2.9
108,서울,2025-02-13 06:00:00,-5.4
108,서울,2025-02-13 12:00:00,3.0
108,서울,2025-02-13 18:00:00,3.7
108,서울,2025-02-14 00:00:00,0.5
108,서울,2025-02-14 06:00:00,-1.0
108,서울,2025-02-14 12:00:00,7.6
108,서울,2025-02-14 18:00:00,7.1
108,서울,2025-02-15 00:00:00,2.5
108,서울,2025-02-15 06:00:00,0.8
108,서울,2025-02-15 12:00:00,5.5
108,서울,2025-02-15 18:00:00,6.7
108,서울,2025-02-16 00:00:00,3.4
108,서울,2025-02-16 06:00:00,1.7
108,서울,2025-02-16 12:00:00,8.0
108,서울,2025-02-16 18:00:00,6.7
108,서울,2025-02-17 00:00:00,0.4
108,서울,2025-02-17 06:00:00,-1.5
108,서울,2025-02-17 12:00:00,1.6
108,서울,2025-02-17 18:00:00,1.0
108,서울,2025-02-18 00:00:00,-3.4
108,서울,2025-02-18 06:00:00,-4.7
108,서울,2025-02-18 12:00:00,-0.3
108,서울,2025-02-18 18:00:00,0.1
108,서울,2025-02-19 00:00:00,-4.7
108,서울,2025-02-19 06:00:00,-5.3
108,서울,2025-02-19 12:00:00,-1.4
108,서울,2025-02-19 18:00:00,-0.6
108,서울,2025-02-20 00:00:00,-4.9
108,서울,2025-02-20 06:00:00,-6.2
108,서울,2025-02-20 12:00:00,-0.6
108,서울,2025-02-20 18:00:00,-0.3
108,서울,2025-02-21 00:00:00,-4.9
108,서울,2025-02-21 06:00:00,-6.1
108,서울,2025-02-21 12:00:00,-0.4
108,서울,2025-02-21 18:00:00,0.2
108,서울,2025-02-22 00:00:00,-3.4
108,서울,2025-02-22 06:00:00,-5.1
108,서울,2025-02-22 12:00:00,0.7
108,서울,2025-02-22 18:00:00,0.1
108,서울,2025-02-23 00:00:00,-4.8
108,서울,2025-02-23 06:00:00,-6.2
108,서울,2025-02-23 12:00:00,-1.4
108,서울,2025-02-23 18:00:00,-1.6
108,서울,2025-02-24 00:00:00,-5.4
108,서울,2025-02-24 06:00:00,-5.9
108,서울,2025-02-24 12:00:00,0.5
108,서울,2025-02-24 18:00:00,2.7
108,서울,2025-02-25 00:00:00,-1.3
108,서울,2025-02-25 06:00:00,-2.7
108,서울,2025-02-25 12:00:00,5.0
108,서울,2025-02-25 18:00:00,5.0
108,서울,2025-02-26 00:00:00,2.9
108,서울,2025-02-26 06:00:00,1.9
108,서울,2025-02-26 12:00:00,5.3
108,서울,2025-02-26 18:00:00,6.1
108,서울,2025-02-27 00:00:00,0.8
108,서울,2025-02-27 06:00:00,-1.7
108,서울,2025-02-27 12:00:00,9.5
108,서울,2025-02-27 18:00:00,11.6
108,서울,2025-02-28 00:00:00,5.0
108,서울,2025-02-28 06:00:00,3.8
108,서울,2025-02-28 12:00:00,9.1
108,서울,2025-02-28 18:00:00,11.7
108,서울,2025-03-01 00:00:00,6.2
108,서울,2025-03-01 06:00:00,3.4
108,서울,2025-03-01 12:00:00,12.2
108,서울,2025-03-01 18:00:00,12.3
108,서울,2025-03-02 00:00:00,9.0
108,서울,2025-03-02 06:00:00,8.5
108,서울,2025-03-02 12:00:00,13.6
108,서울,2025-03-02 18:00:00,7.1
108,서울,2025-03-03 00:00:00,2.2
108,서울,2025-03-03 06:00:00,1.2
108,서울,2025-03-03 12:00:00,6.3
108,서울,2025-03-03 18:00:00,3.6
108,서울,2025-03-04 00:00:00,1.3
108,서울,2025-03-04 06:00:00,2.0
108,서울,2025-03-04 12:00:00,1.1
108,서울,2025-03-04 18:00:00,3.3
108,서울,2025-03-05 00:00:00,3.2
108,서울,2025-03-05 06:00:00,2.4
108,서울,2025-03-05 12:00:00,5.8
108,서울,2025-03-05 18:00:00,7.8
108,서울,2025-03-06 00:00:00,3.5
108,서울,2025-03-06 06:00:00,0.3
108,서울,2025-03-06 12:00:00,7.6
108,서울,2025-03-06 18:00:00,8.6
108,서울,2025-03-07 00:00:00,3.2
108,서울,2025-03-07 06:00:00,0.4
108,서울,2025-03-07 12:00:00,8.8
108,서울,2025-03-07 18:00:00,8.1
108,서울,2025-03-08 00:00:00,4.4
108,서울,2025-03-08 06:00:00,3.3
108,서울,2025-03-08 12:00:00,8.7
108,서울,2025-03-08 18:00:00,7.2
108,서울,2025-03-09 00:00:00,3.7
108,서울,2025-03-09 06:00:00,1.7
108,서울,2025-03-09 12:00:00,10.5
108,서울,2025-03-09 18:00:00,11.4
108,서울,2025-03-10 00:00:00,5.0
108,서울,2025-03-10 06:00:00,2.4
108,서울,2025-03-10 12:00:00,12.9
108,서울,2025-03-10 18:00:00,11.9
108,서울,2025-03-11 00:00:00,5.4
108,서울,2025-03-11 06:00:00,3.4
108,서울,2025-03-11 12:00:00,13.4
108,서울,2025-03-11 18:00:00,13.9
108,서울,2025-03-12 00:00:00,8.1
108,서울,2025-03-12 06:00:00,6.7
108,서울,2025-03-12 12:00:00,11.4
108,서울,2025-03-12 18:00:00,8.7
108,서울,2025-03-13 00:00:00,6.7
108,서울,2025-03-13 06:00:00,3.4
108,서울,2025-03-13 12:00:00,10.9
108,서울,2025-03-13 18:00:00,13.9
108,서울,2025-03-14 00:00:00,8.0
108,서울,2025-03-14 06:00:00,5.1
108,서울,2025-03-14 12:00:00,16.5
108,서울,2025-03-14 18:00:00,17.0
108,서울,2025-03-15 00:00:00,12.1
108,서울,2025-03-15 06:00:00,10.3
108,서울,2025-03-15 12:00:00,14.9
108,서울,2025-03-15 18:00:00,15.1
108,서울,2025-03-16 00:00:00,10.1
108,서울,2025-03-16 06:00:00,7.0
108,서울,2025-03-16 12:00:00,4.3
108,서울,2025-03-16 18:00:00,4.1
108,서울,2025-03-17 00:00:00,1.3
108,서울,2025-03-17 06:00:00,-0.9
108,서울,2025-03-17 12:00:00,4.8
108,서울,2025-03-17 18:00:00,4.2
108,서울,2025-03-18 00:00:00,1.6
108,서울,2025-03-18 06:00:00,0.5
108,서울,2025-03-18 12:00:00,2.4
108,서울,2025-03-18 18:00:00,4.2
108,서울,2025-03-19 00:00:00,0.7
108,서울,2025-03-19 06:00:00,-1.8
108,서울,2025-03-19 12:00:00,4.5
108,서울,2025-03-19 18:00:00,5.2
108,서울,2025-03-20 00:00:00,2.2
108,서울,2025-03-20 06:00:00,3.3
108,서울,2025-03-20 12:00:00,10.0
108,서울,2025-03-20 18:00:00,11.9
108,서울,2025-03-21 00:00:00,8.1
108,서울,2025-03-21 06:00:00,8.1
108,서울,2025-03-21 12:00:00,15.0
108,서울,2025-03-21 18:00:00,15.1
108,서울,2025-03-22 00:00:00,8.6
108,서울,2025-03-22 06:00:00,6.3
108,서울,2025-03-22 12:00:00,17.6
108,서울,2025-03-22 18:00:00,17.0
108,서울,2025-03-23 00:00:00,10.9
108,서울,2025-03-23 06:00:00,7.2
108,서울,2025-03-23 12:00:00,19.3
108,서울,2025-03-23 18:00:00,20.0
108,서울,2025-03-24 00:00:00,14.4
108,서울,2025-03-24 06:00:00,14.2
108,서울,2025-03-24 12:00:00,18.8
108,서울,2025-03-24 18:00:00,16.5
108,서울,2025-03-25 00:00:00,11.7
108,서울,2025-03-25 06:00:00,10.8
108,서울,2025-03-25 12:00:00,17.8
108,서울,2025-03-25 18:00:00,13.3
108,서울,2025-03-26 00:00:00,8.4
108,서울,2025-03-26 06:00:00,6.1
108,서울,2025-03-26 12:00:00,17.4
108,서울,2025-03-26 18:00:00,22.9
108,서울,2025-03-27 00:00:00,18.5
108,서울,2025-03-27 06:00:00,15.9
108,서울,2025-03-27 12:00:00,14.2
108,서울,2025-03-27 18:00:00,13.6
108,서울,2025-03-28 00:00:00,7.1
108,서울,2025-03-28 06:00:00,3.8
108,서울,2025-03-28 12:00:00,9.5
108,서울,2025-03-28 18:00:00,9.3
108,서울,2025-03-29 00:00:00,3.1
108,서울,2025-03-29 06:00:00,0.9
108,서울,2025-03-29 12:00:00,5.3
108,서울,2025-03-29 18:00:00,4.6
108,서울,2025-03-30 00:00:00,0.7
108,서울,2025-03-30 06:00:00,-1.2
108,서울,2025-03-30 12:00:00,5.1
108,서울,2025-03-30 18:00:00,6.9
108,서울,2025-03-31 00:00:00,4.1
108,서울,2025-03-31 06:00:00,1.3
108,서울,2025-03-31 12:00:00,11.5
108,서울,2025-03-31 18:00:00,11.5
108,서울,2025-04-01 00:00:00,6.9
108,서울,2025-04-01 06:00:00,4.3
108,서울,2025-04-01 12:00:00,13.9
108,서울,2025-04-01 18:00:00,14.5
108,서울,2025-04-02 00:00:00,7.9
108,서울,2025-04-02 06:00:00,5.2
108,서울,2025-04-02 12:00:00,14.4
108,서울,2025-04-02 18:00:00,9.1
108,서울,2025-04-03 00:00:00,6.7
108,서울,2025-04-03 06:00:00,4.0
108,서울,2025-04-03 12:00:00,14.1
108,서울,2025-04-03 18:00:00,12.8
108,서울,2025-04-04 00:00:00,7.6
108,서울,2025-04-04 06:00:00,6.2
108,서울,2025-04-04 12:00:00,13.9
108,서울,2025-04-04 18:00:00,13.4
108,서울,2025-04-05 00:00:00,9.5
108,서울,2025-04-05 06:00:00,8.7
108,서울,2025-04-05 12:00:00,7.9
108,서울,2025-04-05 18:00:00,7.6
108,서울,2025-04-06 00:00:00,7.9
108,서울,2025-04-06 06:00:00,7.1
108,서울,2025-04-06 12:00:00,13.5
108,서울,2025-04-06 18:00:00,13.1
108,서울,2025-04-07 00:00:00,7.8
108,서울,2025-04-07 06:00:00,5.8
108,서울,2025-04-07 12:00:00,17.0
108,서울,2025-04-07 18:00:00,17.8
108,서울,2025-04-08 00:00:00,14.3
108,서울,2025-04-08 06:00:00,10.9
108,서울,2025-04-08 12:00:00,15.9
108,서울,2025-04-08 18:00:00,16.8
108,서울,2025-04-09 00:00:00,11.2
108,서울,2025-04-09 06:00:00,8.6
108,서울,2025-04-09 12:00:00,16.3
108,서울,2025-04-09 18:00:00,14.9
108,서울,2025-04-10 00:00:00,11.6
108,서울,2025-04-10 06:00:00,9.2
108,서울,2025-04-10 12:00:00,16.3
108,서울,2025-04-10 18:00:00,15.8
108,서울,2025-04-11 00:00:00,11.1
108,서울,2025-04-11 06:00:00,8.3
108,서울,2025-04-11 12:00:00,21.0
108,서울,2025-04-11 18:00:00,21.7
108,서울,2025-04-12 00:00:00,14.4
108,서울,2025-04-12 06:00:00,13.7
108,서울,2025-04-12 12:00:00,22.1
108,서울,2025-04-12 18:00:00,13.3
108,서울,2025-04-13 00:00:00,1.4
108,서울,2025-04-13 06:00:00,3.8
108,서울,2025-04-13 12:00:00,7.6
108,서울,2025-04-13 18:00:00,6.1
108,서울,2025-04-14 00:00:00,5.7
108,서울,2025-04-14 06:00:00,2.9
108,서울,2025-04-14 12:00:00,3.9
108,서울,2025-04-14 18:00:00,5.8
108,서울,2025-04-15 00:00:00,4.2
108,서울,2025-04-15 06:00:00,2.7
108,서울,2025-04-15 12:00:00,12.4
108,서울,2025-04-15 18:00:00,11.5
108,서울,2025-04-16 00:00:00,7.5
108,서울,2025-04-16 06:00:00,6.6
108,서울,2025-04-16 12:00:00,17.2
108,서울,2025-04-16 18:00:00,21.1
108,서울,2025-04-17 00:00:00,16.1
108,서울,2025-04-17 06:00:00,16.0
108,서울,2025-04-17 12:00:00,23.4
108,서울,2025-04-17 18:00:00,21.4
108,서울,2025-04-18 00:00:00,18.0
108,서울,2025-04-18 06:00:00,16.5
108,서울,2025-04-18 12:00:00,18.1
108,서울,2025-04-18 18:00:00,22.4
108,서울,2025-04-19 00:00:00,16.8
108,서울,2025-04-19 06:00:00,15.8
108,서울,2025-04-19 12:00:00,19.6
108,서울,2025-04-19 18:00:00,12.8
108,서울,2025-04-20 00:00:00,12.2
108,서울,2025-04-20 06:00:00,9.5
108,서울,2025-04-20 12:00:00,19.3
108,서울,2025-04-20 18:00:00,23.4
108,서울,2025-04-21 00:00:00,15.9
108,서울,2025-04-21 06:00:00,14.3
108,서울,2025-04-21 12:00:00,24.0
108,서울,2025-04-21 18:00:00,25.5
108,서울,2025-04-22 00:00:00,20.4
108,서울,2025-04-22 06:00:00,19.2
108,서울,2025-04-22 12:00:00,18.8
108,서울,2025-04-22 18:00:00,17.5
108,서울,2025-04-23 00:00:00,14.2
108,서울,2025-04-23 06:00:00,10.9
108,서울,2025-04-23 12:00:00,20.6
108,서울,2025-04-23 18:00:00,21.9
108,서울,2025-04-24 00:00:00,14.1
108,서울,2025-04-24 06:00:00,11.2
108,서울,2025-04-24 12:00:00,19.1
108,서울,2025-04-24 18:00:00,17.0
108,서울,2025-04-25 00:00:00,10.7
108,서울,2025-04-25 06:00:00,7.7
108,서울,2025-04-25 12:00:00,16.0
108,서울,2025-04-25 18:00:00,15.5
108,서울,2025-04-26 00:00:00,10.0
108,서울,2025-04-26 06:00:00,7.3
108,서울,2025-04-26 12:00:00,18.1
108,서울,2025-04-26 18:00:00,16.8
108,서울,2025-04-27 00:00:00,12.5
108,서울,2025-04-27 06:00:00,11.2
108,서울,2025-04-27 12:00:00,18.4
108,서울,2025-04-27 18:00:00,16.9
108,서울,2025-04-28 00:00:00,12.5
108,서울,2025-04-28 06:00:00,10.4
108,서울,2025-04-28 12:00:00,18.7
108,서울,2025-04-28 18:00:00,18.5
108,서울,2025-04-29 00:00:00,11.9
108,서울,2025-04-29 06:00:00,8.4
108,서울,2025-04-29 12:00:00,19.2
108,서울,2025-04-29 18:00:00,19.0
108,서울,2025-04-30 00:00:00,12.7
108,서울,2025-04-30 06:00:00,10.0
108,서울,2025-04-30 12:00:00,23.5
108,서울,2025-04-30 18:00:00,24.1
108,서울,2025-05-01 00:00:00,17.4
108,서울,2025-05-01 06:00:00,16.6
108,서울,2025-05-01 12:00:00,14.0
108,서울,2025-05-01 18:00:00,14.4
108,서울,2025-05-02 00:00:00,11.3
108,서울,2025-05-02 06:00:00,8.2
108,서울,2025-05-02 12:00:00,16.5
108,서울,2025-05-02 18:00:00,16.2
108,서울,2025-05-03 00:00:00,12.9
108,서울,2025-05-03 06:00:00,9.8
108,서울,2025-05-03 12:00:00,11.5
108,서울,2025-05-03 18:00:00,13.0
108,서울,2025-05-04 00:00:00,9.6
108,서울,2025-05-04 06:00:00,8.3
108,서울,2025-05-04 12:00:00,17.9
108,서울,2025-05-04 18:00:00,18.0
108,서울,2025-05-05 00:00:00,11.1
108,서울,2025-05-05 06:00:00,9.4
108,서울,2025-05-05 12:00:00,14.3
108,서울,2025-05-05 18:00:00,13.1
108,서울,2025-05-06 00:00:00,11.3
108,서울,2025-05-06 06:00:00,8.6
108,서울,2025-05-06 12:00:00,18.5
108,서울,2025-05-06 18:00:00,18.6
108,서울,2025-05-07 00:00:00,12.6
108,서울,2025-05-07 06:00:00,9.9
108,서울,2025-05-07 12:00:00,18.9
108,서울,2025-05-07 18:00:00,18.1
108,서울,2025-05-08 00:00:00,11.9
108,서울,2025-05-08 06:00:00,9.8
108,서울,2025-05-08 12:00:00,21.4
108,서울,2025-05-08 18:00:00,21.3
108,서울,2025-05-09 00:00:00,17.3
108,서울,2025-05-09 06:00:00,16.1
108,서울,2025-05-09 12:00:00,14.9
108,서울,2025-05-09 18:00:00,14.6
108,서울,2025-05-10 00:00:00,14.9
108,서울,2025-05-10 06:00:00,12.5
108,서울,2025-05-10 12:00:00,11.7
108,서울,2025-05-10 18:00:00,11.9
108,서울,2025-05-11 00:00:00,11.7
108,서울,2025-05-11 06:00:00,11.5
108,서울,2025-05-11 12:00:00,16.2
108,서울,2025-05-11 18:00:00,18.7
108,서울,2025-05-12 00:00:00,12.2
108,서울,2025-05-12 06:00:00,9.9
108,서울,2025-05-12 12:00:00,20.6
108,서울,2025-05-12 18:00:00,22.4
108,서울,2025-05-13 00:00:00,15.5
108,서울,2025-05-13 06:00:00,13.4
108,서울,2025-05-13 12:00:00,24.6
108,서울,2025-05-13 18:00:00,24.6
108,서울,2025-05-14 00:00:00,17.7
108,서울,2025-05-14 06:00:00,14.1
108,서울,2025-05-14 12:00:00,25.0
108,서울,2025-05-14 18:00:00,24.0
108,서울,2025-05-15 00:00:00,21.3
108,서울,2025-05-15 06:00:00,18.9
108,서울,2025-05-15 12:00:00,18.7
108,서울,2025-05-15 18:00:00,21.7
108,서울,2025-05-16 00:00:00,18.3
108,서울,2025-05-16 06:00:00,18.2
108,서울,2025-05-16 12:00:00,20.8
108,서울,2025-05-16 18:00:00,19.5
108,서울,2025-05-17 00:00:00,17.9
108,서울,2025-05-17 06:00:00,16.3
108,서울,2025-05-17 12:00:00,23.2
108,서울,2025-05-17 18:00:00,17.7
108,서울,2025-05-18 00:00:00,14.7
108,서울,2025-05-18 06:00:00,11.4
108,서울,2025-05-18 12:00:00,18.2
108,서울,2025-05-18 18:00:00,19.3
108,서울,2025-05-19 00:00:00,12.8
108,서울,2025-05-19 06:00:00,11.3
108,서울,2025-05-19 12:00:00,18.8
108,서울,2025-05-19 18:00:00,18.3
108,서울,2025-05-20 00:00:00,17.4
108,서울,2025-05-20 06:00:00,17.9
108,서울,2025-05-20 12:00:00,21.8
108,서울,2025-05-20 18:00:00,25.2
108,서울,2025-05-21 00:00:00,24.3
108,서울,2025-05-21 06:00:00,23.0
108,서울,2025-05-21 12:00:00,27.6
108,서울,2025-05-21 18:00:00,27.8
108,서울,2025-05-22 00:00:00,22.3
108,서울,2025-05-22 06:00:00,21.0
108,서울,2025-05-22 12:00:00,25.5
108,서울,2025-05-22 18:00:00,26.9
108,서울,2025-05-23 00:00:00,22.3
108,서울,2025-05-23 06:00:00,18.3
108,서울,2025-05-23 12:00:00,20.7
108,서울,2025-05-23 18:00:00,21.1
108,서울,2025-05-24 00:00:00,15.4
108,서울,2025-05-24 06:00:00,13.1
108,서울,2025-05-24 12:00:00,16.1
108,서울,2025-05-24 18:00:00,18.1
108,서울,2025-05-25 00:00:00,14.2
108,서울,2025-05-25 06:00:00,11.8
108,서울,2025-05-25 12:00:00,21.0
108,서울,2025-05-25 18:00:00,22.0
108,서울,2025-05-26 00:00:00,15.4
108,서울,2025-05-26 06:00:00,13.1
108,서울,2025-05-26 12:00:00,23.5
108,서울,2025-05-26 18:00:00,24.5
108,서울,2025-05-27 00:00:00,17.7
108,서울,2025-05-27 06:00:00,14.8
108,서울,2025-05-27 12:00:00,24.5
108,서울,2025-05-27 18:00:00,24.9
108,서울,2025-05-28 00:00:00,18.8
108,서울,2025-05-28 06:00:00,16.3
108,서울,2025-05-28 12:00:00,24.4
108,서울,2025-05-28 18:00:00,23.5
108,서울,2025-05-29 00:00:00,18.5
108,서울,2025-05-29 06:00:00,15.4
108,서울,2025-05-29 12:00:00,24.8
108,서울,2025-05-29 18:00:00,25.2
108,서울,2025-05-30 00:00:00,19.3
108,서울,2025-05-30 06:00:00,16.8
108,서울,2025-05-30 12:00:00,25.3
108,서울,2025-05-30 18:00:00,27.4
108,서울,2025-05-31 00:00:00,19.7
108,서울,2025-05-31 06:00:00,16.6
108,서울,2025-05-31 12:00:00,25.0
108,서울,2025-05-31 18:00:00,24.2
108,서울,2025-06-01 00:00:00,19.8
