sample_idx,0,1,2,3,4,5,status
0,0.3593119373568441,-0.3286797657201632,0.5818054444711043,0.5967132053804542,-0.6872832164074844,-0.5042161454545813,train
1,0.44112889727295634,0.1830104911068593,0.37515974957803344,-0.10748226972065766,,0.6332613777062763,train
2,,0.6067703499329409,0.2952929549313459,-0.4084004268063176,0.30689755868285457,-0.40503632707580445,train
3,0.35345468277230996,-0.09289085770596484,-0.18128533556470955,-0.46694045115383054,0.5805025805328471,-0.16102098537983914,train
4,0.055254770331951475,0.04166222044303414,0.5112935791089417,0.3556905183173742,,0.35448546297044725,train
5,0.899843159643301,-0.38823125058536645,-0.3810869636288783,-0.6030699563176114,0.28664204905241686,0.24375324803831555,train
6,,-0.26476889343813975,-0.294660787746951,0.38833182523264054,,0.37334540595909627,train
7,-0.3727709334911794,0.03192807877464221,-0.04128925461032357,-0.03752649250585488,0.39391625496228605,0.007163866754080428,train
8,0.3719039671732052,0.02511846533171891,0.17881302864740412,0.27311992036894606,-0.6085812464605809,-0.2220847688069283,train
9,-0.18482224890765453,-0.35977663894011913,-0.1262750717119263,0.6619803021226192,-0.32278425147080014,0.31261259943587794,train
10,-0.7595855703778269,-0.13437823726669987,0.0722256075627224,0.23745536935059947,,0.3901045088466808,train
11,0.039848908265404936,0.006840946685445659,0.6121385018315367,0.05328934654113593,-0.4146653412921385,-0.2993084080980082,train
12,-0.2601966566628955,0.37047098489818975,0.22133127782837747,0.4272199852356048,,0.16469700181163516,train
13,,0.6418785931022544,1.0863099637846612,0.4514864273650008,,0.5404013036853972,train
14,-0.5434282503416199,0.2539758046912639,-0.2545326190692474,-0.050790002498491416,,0.2306518883663612,train
15,,0.19649771262110127,-0.02040444243184303,0.11857783705218294,-0.6182692872378646,-0.42261741709083844,train
16,-0.2937946563157956,-0.17674705203799046,0.5144864255131864,-0.18848657319448292,,0.8668653407542056,train
17,0.03679326288336382,0.4989231214015324,-0.2758532730282146,0.019190029197263092,-0.20164461827357916,-0.07412054623547304,train
18,0.5711766374801579,-0.6065787654414289,0.3779249136849778,0.24488722241777294,-0.10182604741096479,-0.4479391648980209,train
19,0.03294024579103155,-0.2437484564156192,0.08319858665372434,-0.059298973830963,,-0.10510692980230679,train
20,-0.38350731973597,0.14609192046245234,0.17902020912792238,0.6763356331225502,,0.18930807456793353,train
21,1.1609991145711474,-0.10659826356802671,0.17014999950943754,-0.029914560181119043,,-0.23214884138184544,train
22,0.3813380272412825,0.010949791831670663,-0.6750330167528601,-0.4678720613430637,0.2517088458009684,0.5224635555467697,train
23,,1.3161593430424188,0.08804200104355414,-0.636788017142672,-1.1414546683469855,0.05508947860922825,train
24,-0.04310080113359349,0.11846522597731401,0.024212538595174804,0.201256889503738,,0.35265403237254145,train
25,,-0.12655623698898455,-0.4275547164637572,0.09983006317253529,0.46022110332430066,1.1369591007722446,train
26,,0.5361804611346006,-0.21952008135205853,-0.5875869783530284,,-0.2741661689913033,train
27,0.8103594892546422,-0.5600888969213,0.1951501304093346,-0.6958370728959153,0.2855512494893866,0.01650629710075202,train
28,0.12199747170366959,0.13926733293294613,-0.14604543678171988,0.33614849167307614,0.026513532031197995,-0.46250727784355883,train
29,-0.6257558597319479,-0.02143012644603126,0.726809126986256,-0.0531019889537534,-0.0325387395586032,-0.03735694363874509,train
30,0.3324714850699808,-0.23974750577415893,-0.5264123486275722,0.15797822463303168,-0.022350999967704954,0.3171497449917928,train
31,0.04294155657407367,-0.6376586789677046,-0.7592766767976612,0.6858769181369215,0.8429353596738263,-0.15638447814960726,train
32,0.18714620995568665,1.0320236818229287,-0.18883191970700763,-0.13879454855592166,,0.1032658457456741,train
33,,0.3549507403951375,0.6543769779571853,1.0976893483307424,,0.6693759026112107,train
34,,0.12200084033180641,-0.314483346144275,-0.527501999495893,,-0.012043037401514634,train
35,0.45679327324633495,-0.58407315294656,0.016631634838457643,-0.2704073655311294,-0.12032521223945047,0.5205295607613328,train
36,,0.7395261207165147,0.035237014010137346,-0.28524922452538115,0.06883781270381528,0.1773773021541476,train
37,-0.1746715382708557,-0.8478851048914093,-0.2574741671519116,-0.2547701984560491,1.0440658244109944,0.4856156565407297,train
38,-0.26321779765496056,0.02976518439151421,-0.6219441244717573,-0.21086813113326708,0.30090274724546695,0.7459267220533934,train
39,-0.13546407352534728,-0.06799801898682456,-0.8882946393124531,0.07382639555185222,,0.012962003557348778,train
40,-0.1326586220450586,0.2295145566869045,-0.6137499627290744,-0.503012385823981,1.384449022383068,-0.34829216261081763,train
41,-0.5960975648799565,0.7540590904172835,1.327394975203918,-0.7475816504624685,,0.0051004236756325705,train
42,0.6269226051357044,-0.6299719519078445,-0.3442722296094526,0.12965257764258836,,-0.3253759308989874,train
43,0.11785632767014365,-0.43350271059632384,0.04019971238934139,-0.0005161560568254231,0.3062462000741768,-0.01991732684718306,train
44,0.09310010299115346,0.31757057142303413,-0.08665727970130166,-0.04540811921647814,-0.06807702894412282,-0.20182680784493312,train
45,,-0.012775533940502903,-0.18889325810576518,0.8203827998109197,0.7276736288096093,-0.03722493470141752,train
46,-0.34616123935013277,-0.4889071020117015,0.5690423506989352,0.07554154600690144,,-0.7577543398860376,train
47,,0.2139780504185152,-0.6135974256191515,-0.3204487827921044,0.11116340242341882,0.03217282732623761,train
48,,0.3893539458340972,0.3125751607921887,0.4581863547638332,,-0.7877802656090782,train
49,,0.3683177605816641,0.45295779345990284,0.06085243423186393,-0.5039526132397063,0.39437510098009787,train
50,0.8374431364659619,-0.6509492932613687,0.4349679360843286,-0.1804283393090209,0.0002083199214717446,-0.3871174590107349,train
51,-0.6448112844790368,0.14158342598874885,-0.2695368019653456,0.26696508396021,,-0.2515969114633404,train
52,0.7244841173898593,0.10828791811810445,0.2915543873762279,-0.3114493948850343,,-0.446749862071703,train
53,0.5365773670304789,-0.5105942472004086,0.44436865988804364,-0.0941813439954261,,0.3676659337607764,train
54,0.9216737090648028,0.47771198383132507,-0.7378323872850578,-0.006741970639152051,-0.5164699320552053,-0.08055208186247009,train
55,0.7803800510015477,0.4056528041123839,-0.2971415574379177,-0.47730243690359564,0.10755636848846584,-0.4606743700292334,train
56,,0.19031980326727677,0.5995039385106256,0.2741252848841158,-1.0683277297646796,0.1664199944479886,train
57,,0.30863836455509963,0.9189352282080194,-0.9500313999657151,-0.12013808224767403,0.3569272154951284,train
58,-0.8320516006073918,0.5966091657162021,0.0470177219953387,0.23580862729928367,-0.3693844484268939,0.26270959178582337,train
59,0.31936248256521355,-0.06323716026570916,-0.10506588257490954,-0.12381423545920431,,-0.24343260168821143,train
60,-0.1621956661575399,0.05627450520979105,0.3715977741697085,-0.6972317542219797,-0.1222799114201677,0.5326952651687809,train
61,-0.379739451053807,-0.47729642568149,0.03577096690371606,0.2861544682366264,0.01808271693005925,0.48612305531487365,train
62,0.22459017286937044,0.23514709779851017,0.05791756249102992,0.8866604096622455,-0.2778262145087856,-1.1004736600867244,train
63,0.7844658471408257,-0.15304909731752792,0.06341820846939028,0.6177239962666556,-0.7547566541984732,-0.5109249742174388,train
64,-0.535085284108456,-0.1885268249218522,0.4133585422060616,0.3943166258265134,0.3959845343849123,-0.5046711620517733,train
65,-0.9409957329395842,0.10629496599062671,-0.12225721600187733,0.2710983594080141,0.544767477691841,0.08829304882169509,train
66,,-0.1460608164586632,-0.05548277341247143,-0.6912485961385902,,-0.15189677885285935,train
67,0.28286109310949714,-0.2628941125387957,0.12125674705329725,-0.29678428741881324,-0.16127158291858934,0.32705429945683273,train
68,,-0.10729864733438316,-0.2326571867004964,-0.6867496798543248,0.22171166849368912,0.8405288146762389,train
69,-0.3822337480878959,-0.2147996074860543,0.2470680519928281,0.2947493956426377,-0.2530604880944587,0.27602823474364935,train
70,0.12423683379681083,-0.27538218188372765,-0.2438605779097296,-0.6963071195443202,,-0.02101496277171977,train
71,,0.39751399903696694,-1.1910876136423925,-0.32974086383874956,,-0.1812610667749187,train
72,,-0.5429305630323779,0.7795307703820041,-0.028865319392519052,,-0.1885546860343968,train
73,,0.14474625428027088,-0.15017243920022905,0.05040056867363729,0.1941920569346839,0.522466024660362,train
74,,-0.9472781674634432,0.19905195918761764,-0.5127176813837322,0.25124752873719525,-0.033724046408356356,train
75,-0.42449138050883284,-0.15517003278681418,0.5471832287223911,0.5773667688200248,-0.37100467210729504,-0.20522417557917372,train
76,0.5096443881044769,-0.37185645644762455,0.14404336958968622,-0.06731531651545652,0.17418356383378192,-0.35141181150999834,train
77,-0.44787034730829506,-0.6936777024116357,-0.277594453372704,0.007141742452575289,0.18677638147664055,1.1840236543204088,train
78,0.512872043143626,-0.398950159660987,0.1369819753365138,-0.25112556517888907,-0.16097691061439034,0.1874443650336397,train
79,-0.19169801926948704,-0.6133519773670353,-0.019002768206185516,-1.1210080588793656,,0.79784471283874,train
80,-0.04463816656587108,0.5354121414665894,-0.14581321675905193,0.056918497321233996,-0.1725068320991332,-0.22944472118149278,train
81,,0.1405921469460253,-0.5015274434951121,0.20044740671013583,0.5281737094672738,0.08188295714052252,train
82,,-0.3016440465827126,-0.7684071257939882,-0.1706409331374601,,-0.6451667396279415,train
83,,-0.7309760245541583,0.5875755491255211,0.320158585492883,-0.4234519515507271,-0.699360339903917,train
84,-1.334472395035566,-0.21010728463668854,1.2205839563303043,0.18553352079788538,-0.22099233905163754,0.262387885643634,train
85,-0.6190961825829429,-0.027928347330028358,0.13074610929843672,-0.0018323603079862527,,0.2691060664759994,train
86,,-0.25420438121165345,0.5119469654508711,0.8098842541148794,-0.3624047550262772,-0.3663229138734038,train
87,0.3589641710651842,-0.37955954101362394,0.3900753151395877,-0.5705860865812256,0.4783626433436525,-0.2488936343796897,train
88,,0.7992439552946486,-0.138769189287226,-0.46670052348884783,-0.12379558860614598,0.2429480611345916,train
89,-0.4406057403315704,0.5859000759356336,0.0078093359771925774,0.7854719534773398,-0.8641488822439803,-0.10951748288990834,train
90,-0.5707268726806639,-0.14631868652224855,0.3176159151005755,0.07326530824466893,0.1019034773564681,0.1851675494391687,train
91,-0.015073113977830677,-0.5807910828408471,0.2025317561427811,0.140118812073594,0.08597482454128663,0.16313802784348613,train
92,0.15485548050818798,0.9663074935534923,-0.05500485760945534,-0.21152413889648097,-0.32685841029169316,-0.5133480254757506,train
93,-0.36723797160353416,-0.2198462445523522,0.16013724286716197,0.307895750353086,0.2786816391632187,-0.17810908417972923,train
94,0.31421700594160895,0.2580786193564937,-0.2237218849827618,-0.49630379583689843,0.17402580150442873,-0.003064762639545693,train
95,,0.10841583039120384,0.23293790938442546,-0.3760005636655898,0.2411868199349125,-0.5414870976899752,train
96,,0.913736515570502,0.2025663637127607,0.4481091475367598,-0.813762963217626,-0.2562007130773701,train
97,-0.05326571063974428,-0.47915799172769225,0.41844383549606046,0.9721492362502135,-0.4471860065266292,-0.416662335465835,train
98,0.04427950586238814,0.702220343671602,-0.7120935063633783,-0.01872802055206345,0.8591484359702208,-0.8454716309427441,train
99,-0.36503328828716086,0.042532418373624925,-0.04546709457221321,0.5691082192049728,0.38161138752832946,-0.592620483338909,train
100,,-0.13141370866907998,0.7912063482622816,-0.2100457428910043,-0.09544333935194993,0.35817909803787396,train
101,0.4622741400027559,0.2707014289578855,-0.75276324835319,0.2856821442003894,-0.34874593562292167,0.11114694099757938,train
102,-0.5020886536026895,0.4089604897179,-0.2664053378326384,-0.520602920191212,0.5260849287771394,0.3262759635473863,train
103,-0.2920696424846293,0.7167271891750409,-0.2619618177594625,-0.052990522696960474,0.1251354118101391,-0.2458234767818206,train
104,0.4412825209931868,-0.038284141417378126,0.003305206217103618,0.8232677773079864,-0.25399926652804394,-0.9379940432252682,train
105,,1.4068852813599535,0.005119787519701102,-0.7987094879416261,0.12108570551745623,0.0178974661891399,train
106,,-0.5947129283010861,0.15011623954399067,0.09348132131787701,-0.8563245291695061,0.28577662585190566,train
107,0.7817540505098022,-0.05929896561939352,-0.3864746046834894,-0.30989897572006964,,-0.9292611584625747,train
108,0.09488728888671202,-0.17489890238637953,0.9115352783143794,-0.14081765479001146,,-0.5220702127874284,train
109,,0.23665060036545016,-0.3439262007056583,0.12085395030983881,0.7635469853305302,-0.1029269821196982,train
110,-0.6234982788330667,0.20450246667436445,-0.3119795777988419,-0.05334739837918523,,-0.5581853200355591,train
111,-0.6222214324565261,0.4027477209861926,-0.1587595701994784,-1.1767446599009617,,0.3252717848733474,train
112,,-0.8129240572287115,0.20894145619661236,-0.08146650319673399,1.0427746635685744,-0.008699685183536865,train
113,0.24320028137789484,-0.04197459871654641,0.44629386121631787,0.29001937458956273,,-0.23994862167479986,train
114,-0.2503988382189446,-0.23380673083869596,0.30774065658268,0.623885772641092,-0.2903942043496015,-0.175614585429257,train
115,0.36500564125317103,0.155889818013766,0.6759283401159399,-0.9252611423807904,-0.18826135994876148,-0.06585069938751742,train
116,-0.6972279305457322,-0.06082824405868531,-0.08099155126861662,0.23176870289720877,,0.275185996742188,train
117,-0.3607674186927484,0.08491455695749398,0.6192865106275325,-0.4285769131016608,-0.30485260335108527,0.3553791998866225,train
118,-0.08229726635076218,0.30508038776177837,-0.01462185171861552,0.2834449926662389,-0.46207565204433576,-0.03891368233817982,train
119,0.20119680955667688,-0.2624369836531704,-0.4914312771616327,0.5807025156228165,0.1594165573252779,-0.16798901286111273,train
120,,0.8159419432357529,-0.8675987353178689,-0.5113889515634646,,0.9412773579184117,train
121,0.21834387431311764,0.430385290950386,-0.505290827006535,-0.5362086831952972,0.35215193984989157,0.06093727690995543,train
122,,-0.3620782360226671,-0.1924841658050887,-0.28332933041426495,,0.11134877398795728,train
123,-0.423016305809077,-0.6775627103622699,0.8178630969568631,0.8730259306001922,-0.17203224932901784,-0.44616995408140747,train
124,-0.10357221016958945,0.28479318558855243,0.7053158171290589,0.02052709369764294,-0.32543318357857076,-0.5877019686689182,train
125,,-0.4132852802666017,-0.8046451988054886,0.6614409876632082,0.6539901856051249,0.24325933685470885,train
126,,0.1942540268147268,0.10240641523900873,-0.051807941285684445,0.47685915149315883,0.050001598265737135,train
127,0.4167694111005176,0.3544857951516207,0.21923895967146667,-0.8750894657922881,0.15471416646709646,-0.2401004243650549,train
128,,0.3142731156605677,0.35074632270440986,0.11003794311057946,-0.32124477346606595,0.12236441516929042,train
129,0.1596683462031878,0.24842776700465774,-0.41142915662419816,0.2814793989734651,0.21901775458078243,-0.47532542696262287,train
130,-0.23453429154155175,-0.2559525522556195,0.6391302316127652,0.14187181178334313,-0.2018722002958371,-0.10827686584766615,train
131,0.29906535505325665,0.20082986861367838,-0.2733390835829408,0.15096650791706895,-0.061440537545512375,-0.29218069566613347,train
132,0.29572056302123445,0.23992626395058012,-0.860394223141366,-0.07311858717193581,,0.534257388391002,train
133,,0.2708804815289642,-0.18322417811074754,-0.33958728752008926,,0.41230970834355113,train
134,0.5468492297064159,0.49313392351557006,-0.15369822593099547,-0.7263143752266207,-0.20853958063058686,0.08061539680989238,train
135,-0.18588769969722452,-0.34088933935597354,-0.006776652889489254,-0.40573629072945694,,0.09719607263009566,train
136,-0.2369186463320265,0.06833030632786576,0.0501876878913175,-0.6809795278235296,,0.6205824594395738,train
137,,-0.5445050273578442,-0.4567121725063269,0.42853452744140624,0.5489926500190814,0.37761033792596876,train
138,0.6669165733273894,-1.176869143507143,0.2781026627885834,0.7958561519659357,-0.42782069391441413,-0.10103363896617014,train
139,-0.4201820309643804,-0.4973219438962405,-0.2709319960825406,0.5508138258932116,0.8610375338969167,-0.23542305496430643,train
140,0.6005060911355493,-0.3018707084047184,0.5409760641023054,-0.4262537709607387,-0.2041762230900327,-0.1753551664406161,train
141,1.2633084948494995,0.1528237553749634,-0.6100433688593905,0.16571662184335778,-0.36887163972416603,-0.5172813278126389,train
142,0.25221601583203634,-0.15343673813793177,-0.07533641757268389,-0.24211167563856173,,0.02942370159030938,train
143,,0.39711929867710394,-0.46515615656220366,-0.7115902053261769,0.03362991294302031,0.12900847559107786,train
144,-0.1292605832308217,0.5912966827606353,-0.4945305389402196,-0.0693641012980525,-0.0650009410612682,0.15956644442184187,train
145,0.4372973005971944,-0.18483245813095078,0.6628040907472853,0.2752329914877111,,-0.6540744530762541,train
146,-0.054880611572587196,-0.15023834237317113,-0.13667945455537434,-0.13607401388511062,0.07517634567300277,0.3953361918167732,train
147,,-0.48224212717290393,-0.5091145733839875,0.13982948973398338,0.7050427705489293,-0.12786925913814307,train
148,-0.7016600414292642,-0.3293997203425794,0.045618113783876924,0.14223364479609668,0.3028376890459251,0.49263193458981575,train
149,0.09416915122981201,0.7436922198143061,-0.11218335883651581,-0.2428052318868827,,-0.48954268781106236,train
150,,-0.15639902350385138,-0.3006895624481447,0.5049081708373713,,0.7390405807782919,train
151,0.13280798429461627,-0.3623009997930962,0.25848096619058203,-0.3476142051595028,-0.10284617464221185,0.4207488115992776,train
152,,-0.3295027324084978,0.44609161723814506,0.4708101156162466,,0.19134632724100853,train
153,0.9237052359202755,-0.60624102371312,0.12340529708410752,-0.19287310597995494,,0.0001731972243940172,train
154,,0.6472203652771238,-0.37727327619088225,-0.1257425928292401,,-0.21904206638648685,train
155,-0.3064476690195363,-0.11600735565251014,0.21829514869521566,0.4025566094240304,-0.15232604722322404,-0.06741438501729638,train
156,-0.6544370819060559,-0.18063530202024547,0.30936739468653873,0.21852993886684624,0.004187656269173112,0.25660575358994187,train
157,0.32575100114085687,0.6556283114569053,0.21949875450060197,-0.14888499034635594,0.3028500297659856,-1.313605487060336,train
158,,-1.5600514129295189,-0.755970714015159,0.3002499210053563,,-0.3405889410252685,train
159,-0.7032740287133954,0.2894729050504389,-0.6760621212883478,0.6374757153953979,,-0.15849232713181793,train
160,,0.267370090605695,-0.32562316930795493,0.07910383010919969,0.20392587098475884,-0.44037539539290993,train
161,,-0.29495760053611647,0.5011340822188927,0.010444902959684477,-0.04651169197050972,-0.00881750232898082,train
162,0.1514342425715134,0.37007300221519107,-0.48140945148145053,-0.5216041975524797,0.6063773149842062,-0.10377770351553683,train
163,-0.5796997389205909,0.3194787498377951,0.2811498074441422,-0.7287485737273198,0.19985678524595918,0.4662195374123365,train
164,0.26828789694448835,0.38583898673333716,-0.6301986136713412,0.18454375808876278,-0.023163200045761223,-0.1622735129127607,train
165,0.10693314443201607,0.3591946870586844,0.5476882621185164,0.24309354719410625,,-0.21833971063324842,train
166,0.29136308906214103,-0.0043964341227277215,-0.03610546245513013,0.2634733959278486,-0.08299885321667985,-0.40824038156883197,train
167,-0.26231184419923137,0.2640189368763728,-0.10811855241258539,0.031755960234650105,0.2575179541106146,-0.19266826720529695,train
168,,0.3190863013871589,-0.5084944933681405,0.7710224464007668,-0.09448898804008465,-0.6436904389061541,train
169,-0.31772529281962536,-0.3222808838161587,0.17482074243071452,-0.03290662446921744,0.035184029475813006,0.436042325869032,train
170,,0.10774831054310396,0.08500321535511901,0.1586052724606828,-1.1451753235542086,-0.18883884521249472,train
171,-1.058739891260741,0.018530869262660232,-0.08845927624097794,0.40595199470002474,0.5314902051593283,0.1300649570825645,train
172,,0.16139419128110105,-0.37960322374147926,-0.15148247834080408,0.4223061101941069,-0.33022597607861387,train
173,,0.21318125220401166,-0.6176728937150484,0.29435869761010325,0.261519002738806,-0.0731654152332182,train
174,-0.19447200535679587,-0.1982036510508547,-0.13242732489285713,0.37674123104676205,-0.31728035371913,0.44441263509186235,train
175,-0.6802223330226549,-0.16083461423171097,-0.09218107231467942,1.0275457034837316,-0.8095197117936166,0.6550567159123882,train
176,-0.10509103034033868,0.025969447293192394,-0.1612424865311443,-0.03586126767788839,-0.2523478399013156,0.5130972894689543,train
177,-0.14284536917278864,0.6083556702004733,-0.27911555709080194,-0.02993839858160245,-0.44231807601418327,0.2706002722394543,train
178,0.8164572088453743,0.15792106072905332,0.02350978984837404,-0.44791855950924875,0.03334093419442552,-0.5248000745356463,train
179,-0.7653239725176599,-0.21400354516471076,0.2569751154941945,0.9501554024439735,-0.6612338440144488,0.3713489584471482,train
180,-0.008201845161029842,-0.17674159676188694,0.05223224209487953,-0.16314666874960126,,-0.2862171221439529,train
181,-0.40677429047735014,-0.47168034976285805,0.5536750850809637,0.05231910104642862,-0.028022030298970102,0.26718195983476856,train
182,0.09498888655866033,-0.16649817799165123,-0.6561844563241064,0.24818921677908923,0.4958201717375501,-0.0008708695724689575,train
183,0.07885188732502232,0.19996148391887592,0.1318997482805922,-0.16821736523826003,-0.0786394740786001,-0.15825433449310705,train
184,-0.3492371358530445,0.4997616907316594,-0.5367083930825629,-0.2917018387826926,,0.5494135402776338,train
185,,0.015897881745491435,-0.45687735892326664,-0.04225611107385381,0.21925006052873103,0.17251257006343024,train
186,0.5134414257715962,-0.1814236114899502,0.1301985817236993,-0.5675999475746807,,-0.013675608147752621,train
187,,-0.03760264562022465,-0.04738259277734602,-0.1291018350894924,,0.019900052399746668,train
188,0.11744019262576408,-0.7492283562347803,-0.23105217134555456,0.04627657823365294,-0.08390952164616206,0.8950824102924275,train
189,,0.5472568216866905,-0.05833229657904654,-0.11509472764282222,-0.0773722344024442,-0.08191006903427506,train
190,,-0.7142885061892192,-0.6263535736189914,0.0598797720945628,0.4294238631214551,0.7018524218743278,train
191,-0.01630854459071801,-0.4377656206721447,0.22429378334466077,0.17809776832950647,-0.13564761233420516,0.1804269313047066,train
192,,-0.35737515230916295,0.23272543781664506,-0.10452156100448895,,0.5845761460771838,train
193,,-0.2494738787481361,-0.188003069419235,0.1807510101771821,,-0.2887965702697154,train
194,-0.5956632104887338,-0.5315707037802585,1.0446555605491596,0.6690643409418814,-0.34954649604779686,-0.281140221569821,train
195,-0.09417580467358833,-0.40509526035688626,0.37834560126930583,-0.07937109056819125,0.4168875913272987,-0.2175209257447277,train
196,,0.016975741423238155,0.08892591340839744,0.07274132888801131,-0.7072825586436241,0.34283904876304594,train
197,-0.2438952803039538,0.43790439273109977,0.0996437027643908,-0.6088737173574353,-0.00563620103033613,0.3012534799535438,train
198,0.021972912912386955,-0.32521691239468914,0.44982508780119146,0.14729873842198063,-0.3998284699656164,0.09829823426398643,train
199,0.7495691547771317,0.8109212909838689,-0.8060635646310823,-0.6708172891901881,0.5845848555071722,-0.6007217488876426,train
200,0.3287375584526504,-0.28513853469360906,0.5431995393608584,0.5904734565704985,-0.766761144573132,-0.39686280299878973,Normal
201,,-0.1159597271151413,0.014998619157344795,-0.4424155126831002,0.5231371060011372,0.3750242228866969,Normal
202,,0.47745793276597903,0.1251818550818899,-0.5619273227158019,0.11966993526605424,-0.5057533631961801,Normal
203,,-0.151364580875597,-0.29001071203725826,-0.5555793129540857,0.4485693106382649,-0.1822054867688343,Normal
204,,-0.35459886244717387,0.021671417276413252,-0.09564271846712252,0.004410900113689442,0.02160108641240377,Normal
205,0.8579519254267388,-0.32845608155970507,-0.43399151131962754,-0.6115786188856887,,0.3910593312289931,Normal
206,,-0.42270712295013,-0.4687277954317238,0.22118150497673505,0.3644611932846714,0.22451983844791068,Normal
207,-0.38410894752648367,0.04807456404421251,-0.055605541755411325,-0.039840378322477166,0.3644433205098877,0.04697391550541247,Normal
208,0.34176401130847767,0.06804100697104262,0.14075569523595513,0.2669688369700723,-0.6869298400947899,-0.11625684728326624,Normal
209,-0.22405917181445467,-0.3038989334532707,-0.17581915618469365,0.6539726418417937,-0.4247805830198417,0.45038223419277235,Normal
210,,-0.3363972613207558,-0.13664150517484702,0.03198051277362805,0.18768153042484642,0.1891853285372037,Normal
211,0.037954110849542144,0.00953938941422161,0.6097459161977287,0.05290263462940814,-0.41959094462868773,-0.2926552580131322,Normal
212,-0.5149084359313343,0.15258506036000094,-0.056062258380764896,0.1741144283782628,,-0.012081350324668866,Normal
213,0.35458995117119746,-0.07064609462338728,0.26471912363175787,-0.324532128322371,-0.10027258230072866,-0.10320728206617497,Normal
214,,0.05156929562281587,-0.4822114551491994,-0.2677831285685487,0.029608538636779813,0.043448862697577195,Normal
215,,0.14068164293732366,-0.09383074960080928,0.05230989072840431,-0.699083727217962,-0.4660906545703867,Normal
216,-0.5923163857754973,-0.43210897673010384,0.1893816813377236,-0.48512584590146035,,0.6596814180456437,Normal
217,-0.13654543075568615,0.39572187764327127,-0.46806112751365475,-0.13744147950082658,,-0.1112669042797701,Normal
218,0.5638161830449143,-0.5960966537903132,0.3686309260721281,0.24338506201040455,-0.12095956016274889,-0.4220949352649115,Normal
219,-0.06380383598440642,-0.3080217380143524,-0.023568318247369824,-0.1490303498647092,0.6881046847749065,-0.13815207531701956,Normal
220,-0.6194035870793152,-0.06610022605137919,-0.07708991863750753,0.43832402906509366,0.28281849634782014,0.006399820433683076,Normal
221,0.9400103444893722,-0.28657234374256063,-0.07120785514380129,-0.24636982109408373,0.0978372378199282,-0.3688004092931945,Normal
222,,-0.14117221829694482,-0.8561597423746312,-0.6370055458673947,0.05968279686301958,0.3894355797236291,Normal
223,0.7612573614854687,1.2442425606424512,-0.004637688600400369,-0.7210071986970237,-1.2427163509103618,-0.0024001133882809444,Normal
224,,-0.2782782311694124,-0.44414894119610915,-0.23741974980303926,0.43426378730513715,0.0026237878315695795,Normal
225,-0.02837877926068677,-0.4258338629981001,-0.8208291461329575,-0.25523115638151517,,0.9035351415863855,Normal
226,0.23674554945774795,0.7011303638122267,-0.09529618556463326,-0.4478008191331231,-0.3064989808759937,-0.07463848277734608,Normal
227,,-0.5219086548801549,0.22474424938595355,-0.6629735086403463,0.31016425580842244,0.062046300778659136,Normal
228,,0.07972041125037987,-0.2796580871719273,0.2320513819919801,-0.14186683100764674,-0.4665471629339477,Normal
229,-0.6604808984198534,0.028022106929148582,0.6829622284971911,-0.060188825631118215,-0.12280629404787141,0.08457027924438143,Normal
230,0.12985878933329353,-0.3587900453926296,-0.7512017926368632,-0.024555748055845372,,0.27665886666444206,Normal
231,0.023261982721653474,-0.6096328608197448,-0.784125794658969,0.6818606369275009,0.7917785049112196,-0.08728529582616784,Normal
232,-0.1671496589907634,0.7289514043019831,-0.5746773611822219,-0.49085619370684375,,-0.14262712510212916,Normal
233,-0.24584161926291392,-0.32027167084037617,-0.12571364038170868,0.3613836043232807,,0.0606196872323746,Normal
234,-0.5421909413739616,0.4326679282641044,-0.015237676298268221,-0.2247843776372569,-0.0017935088235121466,0.31374668943382833,Normal
235,0.45491469858492595,-0.5813979536137042,0.014259691462235824,-0.270790723138168,-0.12520834417363502,0.5271253948912864,Normal
236,,0.558573341180513,-0.2028072417076759,-0.5000864433219645,-0.1931583775158366,0.03643933924440623,Normal
237,,-0.8443597584692387,-0.32744669971726426,-0.29566482085633133,0.9382717972394783,0.545507305537081,Normal
238,-0.26860955532722786,0.03744370440481082,-0.6287523117124674,-0.21196852663205012,0.2868867514406559,0.7648585417250586,Normal
239,0.06646520707857118,0.16490870911153155,-0.6729674011886977,0.2953253501197983,-0.11428210256391269,0.26411242357252296,Normal
240,,0.16977110407898544,-0.7156388566286914,-0.5880188464966407,,-0.3769812087235016,Normal
241,-0.8027186367034584,0.5773110338445201,1.102374617302943,-0.952899709802232,,-0.13830135703652188,Normal
242,0.7088362772170886,-0.5274300152077118,-0.2575378396484913,0.2222973612851289,0.11181176834003548,-0.20862249139935818,Normal
243,0.10883485169241602,-0.4206551433191701,0.028808390302330178,-0.002357299390039591,0.2827949007538213,0.01175908034920381,Normal
244,-0.026907184044386856,0.24286926259209946,-0.21948032436151638,-0.15497496146590167,,-0.2335439420740254,Normal
245,-0.6093187289382547,-0.1224287060611352,-0.3763161020366379,0.6641106027734307,0.5047381418165584,-0.08956225905449589,Normal
246,-0.2414822813133839,-0.36525866611356417,0.6804450106377445,0.1913736451458532,0.350028686339807,-0.6221893570148522,Normal
247,0.20594371369621023,0.031256190379139515,-0.8310803559279902,-0.5235568810853559,,-0.12767395850299268,Normal
248,-0.018226489034480986,0.10607505059636657,-0.03392585964258066,0.13766419294918808,0.860019592151436,-1.0284483766487733,Normal
249,0.017142323422634442,0.24393886590096492,0.2505295746861864,-0.1102647552425352,-0.7417189754541967,0.32722407511888596,Normal
250,0.8396096304326617,-0.6540346040481391,0.43770352703188753,-0.17998619618226708,0.005840078664262727,-0.3947244565760655,Normal
251,,-0.10730001832696023,-0.5250515830192868,0.0149149419343938,,-0.5005081679459193,Normal
252,,0.08203198296778835,0.22160313295101375,-0.36401781208830675,-0.12146692988185837,-0.44007715569585615,Normal
253,0.2912732979958163,-0.7223847432376085,0.17736933995647305,-0.3386146774856958,0.41682573422356495,0.19381553470636245,Normal
254,0.9206779751642471,0.4791300146910915,-0.7390896875559434,-0.006945183926229337,-0.5190583361337906,-0.07705584187970271,Normal
255,,0.01781178520900739,-0.7320261305417011,-0.8922585748159326,,-0.8204417442005167,Normal
256,,0.05111875311553804,0.41638428245859493,0.10885804179832315,-1.2698728254383034,0.05800103128536871,Normal
257,0.03819699099667284,0.21992267986773884,0.779028651704608,-1.069377643244813,-0.28307168166842234,0.3055996151598443,Normal
258,,-0.12897975611361434,-0.7585484040919752,-0.5356542683982463,,-0.41651128617171995,Normal
259,0.43194545859149414,0.10950389723748444,0.011720071776722962,0.014535232900377837,-0.522027335844996,-0.024289503465065643,Normal
260,-0.38633882882833737,-0.11220503958177963,0.1257233398040709,-0.9119053319818989,,0.4200374319468951,Normal
261,,-0.6746096637833063,-0.2366127611722476,0.04414893638423517,,0.34225955229283256,Normal
262,0.2118194597723011,0.25333405470137027,0.041792042339342084,0.8840540834208078,-0.3110237939320861,-1.0556326706165806,Normal
263,,-0.25337905755026324,-0.07442309644092737,0.4950679768338333,-0.908726751398022,-0.5845827155054386,Normal
264,,-0.34788736594184794,0.20254932826459343,0.2044082042717177,0.16351256897112199,-0.6278957829089252,Normal
265,,-0.05570392269374344,-0.3547942964121518,0.06702643557378503,0.28133870859542387,-0.023002894222175857,Normal
266,,-0.24221240136505418,-0.1650971748726,-0.7952100060763655,,-0.23970978700835788,Normal
267,,-0.4288508227470802,-0.07675006353363822,-0.48154581898460047,-0.37136717737137404,0.1822403056659212,Normal
268,,-0.4938966391668733,-0.6793996658234647,-1.1083826846196783,,0.4920643258146763,Normal
269,,-0.27914615764337525,0.11770550850361873,0.1913367840279399,-0.41268801315457093,0.2601587884625641,Normal
270,,-0.1805824752067331,-0.14984506130421105,-0.602301185822171,-0.27095621739317677,0.07633061190761126,Normal
271,0.3072058794047997,0.8017056236851839,-0.7962992812361451,0.0674050091422922,-0.603622007490012,0.2384265383768811,Normal
272,0.18926032490672706,-0.5848447221920919,0.698557413518464,-0.09423792300289446,0.0023111032234485185,-0.2014124129394399,Normal
273,-0.42073892465958934,0.09517444246548351,-0.2531358194060763,-0.03126358759373832,0.06630591216627563,0.5127710519173134,Normal
274,-0.19854679189764646,-0.710886750644927,0.4561421465978037,-0.264617738667165,0.5134203420636559,0.19166422579744902,Normal
275,-0.4150820953091059,-0.16856991303330737,0.5590642586919594,0.5792870677587751,-0.34654521464238985,-0.23826232007100911,Normal
276,0.4672468147804337,-0.4224423589230336,0.0989610813102006,-0.1144051519524123,,-0.4072510639146453,Normal
277,-0.45553523568976206,-0.6827620710326252,-0.2872728122479438,0.005577459792733108,0.16685155431759763,1.2109367451787596,Normal
278,,-0.7217582746262718,-0.16765300761369972,-0.5618637905322069,,-0.1559068309351681,Normal
279,,-0.7577203641878463,-0.15681020914312316,-1.2609250004845216,,0.6454887866468135,Normal
280,,0.31457016065368043,-0.3849342598717385,-0.1742224856145267,,-0.4408178246695822,Normal
281,,0.03773797844910737,-0.6368326024995996,0.07833320484085879,0.37925418892579355,0.0017733419926702354,Normal
282,-0.031468349957603614,0.3756854332844708,-0.08100270770296603,0.5104898312146209,-0.822917309711213,0.03834442946923233,Normal
283,-0.6882761320522972,-0.40611732179393734,0.8977876396965879,0.6350712382640882,-0.12721362808773695,-0.3566174996823106,Normal
284,,-0.5464084229156292,0.8542670806611872,-0.1677683291371791,-0.5948165984420968,-0.05782408295538943,Normal
285,-0.6768432802673982,-0.06949582088931205,0.06726016014248437,-0.056502868429966546,0.4511786413180091,0.24347361931034306,Normal
286,0.2545139708825712,-0.33321249952350085,0.3527847277227383,0.6827129694080087,-0.5588855509167421,-0.38556007296073935,Normal
287,,-0.4788806008209938,0.21834219604055827,-0.7133239309565356,0.2735047945908605,-0.29479038337484753,Normal
288,-0.10053623391053013,0.5443898113899253,-0.4513995465662266,-0.7556034038537583,,0.027116790650295375,Normal
289,,0.3862108072576913,-0.2449143475976283,0.5544127977562185,-1.1384561869752212,-0.27268379565202294,Normal
290,-0.8500160572468165,-0.41030750294867513,0.015366845955756103,-0.21294969681789055,,-0.05493361281785303,Normal
291,,-0.7948556684123871,-0.060810839380778914,-0.10299748704370937,-0.19682126639131292,-0.01757569877116194,Normal
292,0.13153281991185395,0.9995215401774938,-0.08445415259558375,-0.216283941927516,-0.38748563384742263,-0.4314569448448824,Normal
293,-0.38531797598276196,-0.19409844941097742,0.13730794249258416,0.3042059352277837,0.231682970898905,-0.11462646926356379,Normal
294,0.29630350413226303,0.2835894680261548,-0.24634113918056189,-0.49995968434449956,0.1274595826850482,0.059833666728075885,Normal
295,-0.42796636270995925,0.278441500105586,0.35706862611347834,-0.23427888995710222,0.3394103946888811,-0.3328204637756824,Normal
296,0.7027462336123981,0.7184656550449902,-0.07178309996545296,0.2057173607729581,-1.1224563245574233,-0.3949100167766224,Normal
297,-0.2947728369037007,-0.6541726861903403,0.15302551801399356,0.7431025720890956,,-0.5260256916479452,Normal
298,-0.08702266710464368,0.6150668099087897,-0.8570049062933991,-0.14048520686440868,,-0.8901751972785461,Normal
299,,-0.14103940869491915,-0.2554514027186857,0.37019731689211005,0.16265170294062903,-0.7597290641017918,Normal
300,0.06016768336320483,-0.4442275185624154,0.4108991721066162,-0.5625838525593179,,0.09064150718133646,Normal
301,0.4337298718116631,0.3113517163349648,-0.7888059240173251,0.27985666030261047,-0.42294692568007874,0.21137249749992393,Normal
302,-0.6800248643204276,0.24221139621876708,-0.45907909692162296,-0.7024531241506009,,0.17596168021300196,Normal
303,-0.2897721167206835,0.7134552467725274,-0.2590607372586917,-0.05252162846736852,0.13110785894645804,-0.25389064458440036,Normal
304,0.42495063465360783,-0.015025682860587808,-0.017316963536398444,0.8199346712615309,-0.2964540888931829,-0.8806490070663648,Normal
305,0.6816362385303447,1.1578285124294303,-0.3058238823109504,-1.084318273017862,-0.21470618451201717,-0.18886898948215308,Normal
306,,-0.6265516277238079,0.1082322897900907,0.0556806569758066,-0.9024228270756058,0.2609785555462677,Normal
307,,0.018874845145720354,-0.32073291919777325,-0.23950061060021888,0.17937502246619186,-0.8399611731596612,Normal
308,-0.08289507780073835,-0.3295391984091005,0.7181167720364554,-0.3183661569380073,0.6694447721144945,-0.6501823697872451,Normal
309,0.20070179730096147,0.09257024295675526,-0.543981048857932,-0.05656040078412722,0.5393059660171056,-0.20709144749587216,Normal
310,,0.060808796223501105,-0.4710146592977378,-0.20582550223711293,-0.04043809568331258,-0.6930771116161603,Normal
311,-0.5191847927564892,0.5217120201757774,-0.04889555516238442,-1.0636803526046505,0.6256701193794904,0.4536473047476848,Normal
312,-0.4873913578328235,-0.7758061563703731,0.2167093634342017,-0.062207404422468804,1.0354849343582258,0.051659790917595594,Normal
313,0.027479014796307655,-0.2265071565818117,0.2113629481255195,0.07565850635138646,,-0.38966623716833537,Normal
314,-0.25312962160934105,-0.22991786265525072,0.30429260150241944,0.6233284821504108,-0.29749272313511343,-0.16602636941932314,Normal
315,0.1068083484091702,-0.11585456385850001,0.39861443830011656,-1.1994534994420074,,-0.3389052406123909,Normal
316,,-0.42808182399891814,-0.48088113353621587,-0.15396430770215985,0.5715986209160078,-0.07460661064696783,Normal
317,-0.37033280175833017,0.09853661413992548,0.6072085184134349,-0.43052902973305135,-0.32971756382757034,0.3889651154581309,Normal
318,-0.11613240787219392,0.3532654489814704,-0.05734524650701234,0.2765397264869871,-0.5500302281598362,0.0798892781522722,Normal
319,0.18332890633528875,-0.23699113323183396,-0.5139928833522542,0.5770559520769067,0.11296900775788976,-0.10525085213365148,Normal
320,-3.1609029355652756,2.42076462604742,-4.100230281320378,0.5801362802203105,,1.4900216903395582,Damaged
321,-2.2604762760242467,3.017649942129486,-2.752660408934041,1.5367679034079484,-1.307649835154919,1.6088891293225973,Damaged
322,-3.2723112058862585,1.3848666399782132,-3.2671746488287794,0.954084090695209,,0.8035612141416637,Damaged
323,-3.926571600957851,0.7816537390863081,-2.528501439240483,1.8328695694175028,,-0.058868631595972776,Damaged
324,-3.477442490137207,1.9092846071562317,-2.5030192284063757,1.1314133000248687,,-0.016399807770274943,Damaged
325,-3.3448171413425762,1.4890971934591466,-3.7188367931876605,2.0626543725070023,,1.0786507611640068,Damaged
326,-3.114421114877435,2.7495297036090536,-2.181798106200221,1.9854337016034185,-1.2226074754432754,1.5708579398551392,Damaged
327,,2.0540623896953645,-2.937515760607423,0.2974181937573994,-2.4096130219954537,0.42386218355775096,Damaged
328,-3.4547406887734575,2.9634771968900764,-1.8250329348299092,2.24866444693314,-1.9084374029130675,1.7299297008510581,Damaged
329,,1.0926240806651393,-4.404444883709942,0.6145864734042659,,-0.7019973494456611,Damaged
330,-3.5576203898812366,1.4139783276826503,-2.513871320932791,1.3045561736784546,,0.5007589368485066,Damaged
331,-2.171227342286932,2.776545040100669,-2.5104977445799244,2.224057611288263,-1.702091422331978,1.2303408956573199,Damaged
332,,1.1418413317564553,-4.785196438262086,0.32487548891430307,,0.35642144525412434,Damaged
333,-1.953140324585236,2.627328033509888,-2.6451319385437086,1.5138248544335515,-1.3956841242915146,1.7109737645510457,Damaged
334,,1.2512537187781523,-4.2078613896717485,-0.4660192423795184,,-0.24884741426288048,Damaged
335,-2.450701436066522,2.432859638988964,-2.0225419920166168,1.8767860142610937,-1.827505525884173,1.8079894574194415,Damaged
336,,1.809858983542548,-3.0125442711652424,0.5674675552597384,-2.721372085097678,1.2821804521245086,Damaged
337,-2.5941985766188136,1.992250876109804,-2.7503093523175397,2.4557217734701684,-1.1514577314371648,1.866842601976578,Damaged
338,,-0.3966596506729563,-3.786679360740877,1.0596109974015708,,-0.3852979939494283,Damaged
339,-3.588043684362578,1.3385035787102764,-3.2572861962553574,1.8796528351432467,,0.5416101070466621,Damaged
340,-1.8727754801304575,2.2772995042134156,-1.6992063631613537,1.6484192911880489,-1.8485304490374022,1.3515788021056223,Damaged
341,-1.9206639820451088,1.9763112542301322,-3.6123919337487678,1.4849991555980429,,0.2401362058729133,Damaged
342,-2.185082807771797,2.4568303139561336,-2.2777326490198093,1.8634936673588671,-1.608091773765346,1.5911110245867826,Damaged
343,-3.0862230256820418,3.2070931020203863,-2.4573677755664267,1.5992034022922512,-1.3645705911025665,1.8868230686190737,Damaged
344,-2.601935114437619,3.170051975451698,-2.7343673206450307,2.004203266207792,-1.710058141717988,1.687780818893469,Damaged
345,,1.6059510095365659,-2.3835112039812953,1.5543299603529812,-3.0245500702208217,0.08015652203201773,Damaged
346,-2.524769118069575,2.425348006322486,-2.373745998437449,1.9358776383378387,-1.5666906541932493,1.9198292403094614,Damaged
347,,1.1915320756303474,-3.6522901975708133,1.3107907215069212,-1.8255434978554486,0.4788552664065677,Damaged
348,-3.966929489536859,1.4007324566733095,-3.0442928193227594,1.3694740394832527,,1.1553086471359983,Damaged
349,,2.388921691494453,-3.279627119038079,0.9062096852701118,-2.03060782363748,0.07699762560926882,Damaged
350,-3.2738509040799935,1.5605048404138737,-3.3966156012041915,1.7251494029771874,,1.37906735823278,Damaged
351,-2.342669906339079,2.2212088490784097,-1.985609138847796,1.7232959367899907,-1.7590585278154247,1.9645919489324584,Damaged
352,-2.503591987043427,1.9502864446257537,-2.0855471123152447,2.253559786379839,-1.1918297351299652,1.4033929689913056,Damaged
353,-2.2317293262068154,1.228496778495407,-2.8460656604241477,1.1530596286016668,,0.7478011486095422,Damaged
354,-2.673592692716061,3.349352617404991,-2.490614824866495,2.0697197521814306,-1.882014743407976,1.4385481158395153,Damaged
355,-2.7833195129142903,2.4703085790305117,-2.028323581165776,2.4709369363549945,-1.816327191782336,1.4875535332653782,Damaged
356,-3.858012209612473,1.6165221482517826,-2.714300585509029,1.5125145989907876,,0.9874526434476729,Damaged
357,-2.142480211096986,3.226318420057677,-2.0131010657951443,1.9303411502455208,-1.3218415991623775,0.18582171325476038,Damaged
358,-1.8805691856405726,1.2918245491569378,-2.689276583950443,2.6626478126664717,-0.9623195684447872,1.4478181185566172,Damaged
359,,1.0097413711873306,-4.7639928643947025,0.8613006376901644,,-0.5273008291758705,Damaged
360,,1.1919504307799516,-4.215665849265545,0.5074156698570549,,-0.6051811321105567,Damaged
361,,0.7699199021879354,-3.2398857090622455,0.5871255994770949,,-0.04362818924782896,Damaged
362,-2.3135751141217016,2.939165783517711,-2.7127409193103933,1.5500985652034398,-1.0251149039701275,1.4070368350396136,Damaged
363,-3.914123229190991,1.964214732529142,-2.8833712839555288,0.41603712018955363,,1.04115674454156,Damaged
364,-2.9448147619533143,2.173095535300586,-3.6637845709919747,1.4696174485942017,,0.5565630756272641,Damaged
365,-3.080344588722414,2.1671557462191866,-2.4564139571811077,1.5578411352281247,,0.5074877277093028,Damaged
366,-3.0434481854879056,1.6539993711781926,-3.20182188122641,1.4137689511839675,,0.19028427888508226,Damaged
367,-2.723258321482059,2.8274266322722577,-2.334414355506397,2.1040122918762063,-1.3639243312213392,1.3046456098312054,Damaged
368,-2.7974137131651973,2.0225245730579644,-3.611386230248011,1.9810029730010221,,-0.020859661221371617,Damaged
369,,1.3815716214090412,-2.93120942055108,1.1772434989339207,-2.449329225236396,1.0582384858981273,Damaged
370,-2.2337228236631947,2.814579588868259,-1.9801893648728752,2.386376238033473,-2.597593973607302,1.4375424406990973,Damaged
371,-3.5086449765096015,2.565211881390728,-2.29987476069587,2.4832038847776663,-1.0561632321555172,1.581001223487404,Damaged
372,,1.3396106319477552,-3.9878397759006203,0.548616697402103,,-0.2617113288770574,Damaged
373,,2.0557366505620385,-3.5550922396418994,1.663220831817062,-2.0397793980781813,0.662894837270603,Damaged
374,-2.6388064488377148,2.338641450260968,-2.335027672889837,2.460334280036075,-1.8807988231129036,1.8613485257960973,Damaged
375,-3.982070504685373,1.4733918180171246,-3.216830290327627,2.196685471704859,,1.1719707069521546,Damaged
376,-2.5604789975669964,2.5787396662058257,-2.3779719695519,2.0449736281041355,-1.8455317839445802,1.970238417476886,Damaged
377,-2.603891858431922,3.1686725792902872,-2.5025110511668918,2.051141500155126,-2.0476148342317027,1.7437257974957974,Damaged
378,-2.4774147033011813,1.8207450675869106,-3.09488811541674,0.7339064108720925,,0.04300774963395648,Damaged
379,-3.221844201605176,2.34265255743309,-1.9633122151748457,3.024540784460169,-2.268896364336875,1.8497202242878918,Damaged
380,-2.3585568477625705,2.4856329462101967,-2.0520003444946266,2.0275258199490485,-1.552179081676449,1.2828338905657768,Damaged
381,-2.863512831822116,2.082453896994348,-1.6642361622021586,2.134408369178706,-1.6218786527133706,1.7248199399676132,Damaged
382,-2.3631356984853635,2.392548813254874,-2.878596932214171,2.3219570044265936,-1.1165511944938746,1.4839388594496312,Damaged
383,-2.395179652319666,2.7821357387833503,-2.111042024357719,1.9010078710239011,-1.73476560292305,1.3860050727343523,Damaged
384,-2.9346926600500653,2.9498258928452903,-2.8967064965473517,1.6593839470930343,-0.9151194893291472,1.9385294039733516,Damaged
385,-1.7461827682355633,2.470559586726142,-2.8061070787510323,1.9179941160280904,-1.5236050870591709,1.5598985686766995,Damaged
386,,1.599899396948624,-2.8916609531624617,0.7215818964478453,-2.1732397512018085,0.686867112474667,Damaged
387,-2.8252156575127354,2.4440563428664244,-2.366637394325819,1.859853668017504,-0.7313167306300681,1.4325566456356436,Damaged
388,-3.1064805765893087,1.0047607141309598,-3.2744795292513795,1.3126797536414592,,1.5613702449284146,Damaged
389,,2.3229182007258053,-3.080504807219894,1.17484283767578,-2.4725157640097537,0.6024719778336995,Damaged
390,-1.441588010726362,1.688800820341623,-3.0162427602220623,1.9784216104698247,-1.343858472365616,2.022102654435573,Damaged
391,-3.1121056934607094,1.450590131565497,-2.6808728135155295,1.5825981676989407,,0.9772206612431509,Damaged
392,,0.7642995963203787,-3.44168401373756,0.5352966341887695,,0.5990153796904648,Damaged
393,-3.046767638952036,2.4663221015108365,-2.255373491972087,2.4174822105819604,-1.1278921953480725,1.3418513962719436,Damaged
394,-3.9059873847759543,1.1265764455057679,-2.092343556010195,1.837910627025126,,0.29236999523236795,Damaged
395,,0.23062387214525293,-3.7806302480017724,0.07029719466631157,,-0.6868239803257588,Damaged
396,-2.7820986175137197,2.6707992496802464,-2.0383466368084098,2.246818582920859,-2.219354602405034,1.9129085635688843,Damaged
397,-2.7016695365874654,2.9933213851819076,-2.1193953533932577,1.473529657971708,-1.6012101674923214,1.7610697716701558,Damaged
398,-2.4429569579412824,2.243450922636936,-1.7811141983062928,2.2198706535360424,-2.029532000461114,1.6064671600722988,Damaged
399,-1.7099374903008244,3.371830386851562,-3.0301218188768932,1.4029586085337824,-1.0308408582514343,0.8881355013001468,Damaged
